Dato;PO;BrakkvannsAreal_km2;BA_ano
2012-01-31;1.0;101.96;-0.9077325928773847
2012-02-29;1.0;132.93;-0.8667862044384866
2012-03-31;1.0;481.19;-0.4063409594358821
2012-04-30;1.0;306.47;-0.6373436390627559
2012-05-31;1.0;1606.42;1.0813601921011327
2012-06-30;1.0;1370.1;0.768914260041707
2012-07-31;1.0;1841.84;1.392616206511381
2012-08-31;1.0;1255.55;0.617464185915915
2012-09-30;1.0;362.6;-0.5631324416757572
2012-10-31;1.0;270.13;-0.6853898694750762
2012-11-30;1.0;366.3;-0.5582405580069189
2012-12-31;1.0;115.81;-0.8894210823872738
2013-01-31;1.0;156.42;-0.8357293537949699
2013-02-28;1.0;74.5;-0.944038302484493
2013-03-31;1.0;31.26;-1.0012072348738361
2013-04-30;1.0;273.73;-0.6806301988783686
2013-05-31;1.0;2107.13;1.7433642655670896
2013-06-30;1.0;3254.0;3.259676325913202
2013-07-31;1.0;1238.68;0.595159840647455
2013-08-31;1.0;700.29;-0.11666211839737456
2013-09-30;1.0;430.37;-0.47353164269273723
2013-10-31;1.0;263.52;-0.6941291535429198
2013-11-30;1.0;231.17;-0.7369000823772225
2013-12-31;1.0;153.35;-0.8397882951093844
2014-01-31;1.0;362.94;-0.5626829172305126
2014-02-28;1.0;483.29;-0.403564484921136
2014-03-31;1.0;658.97;-0.17129255980180685
2014-04-30;1.0;719.1;-0.09179283952957745
2014-05-31;1.0;1836.77;1.3859130037543512
2014-06-30;1.0;2760.1;2.60667596265935
2014-07-31;1.0;1474.45;0.9068786008101611
2014-08-31;1.0;1235.26;0.5906381535805827
2014-09-30;1.0;438.33;-0.4630074821511283
2014-10-31;1.0;487.71;-0.39772066713295623
2014-11-30;1.0;516.27;-0.35996061373240956
2014-12-31;1.0;277.58;-0.6755399956013342
2015-01-31;1.0;131.81;-0.8682669908463513
2015-02-28;1.0;152.32;-0.8411500897523313
2015-03-31;1.0;307.58;-0.6358760739621044
2015-04-30;1.0;390.97;-0.5256235931122589
2015-05-31;1.0;641.74;-0.19407287212993782
2015-06-30;1.0;1506.87;0.9497420787949552
2015-07-31;1.0;1603.16;1.0770500459496697
2015-08-31;1.0;1426.26;0.8431651213503452
2015-09-30;1.0;1397.5;0.8051406418055369
2015-10-31;1.0;511.32;-0.3665051608028824
2015-11-30;1.0;222.27;-0.7486670457968606
2015-12-31;1.0;233.71;-0.733541870345101
2016-01-31;1.0;152.61;-0.840766671843152
2016-02-29;1.0;182.45;-0.8013142911193315
2016-03-31;1.0;300.94;-0.6446550219515873
2016-04-30;1.0;468.0;-0.4237798636499301
2016-05-31;1.0;1197.29;0.5404368500925308
2016-06-30;1.0;2676.17;2.4957095312199984
2016-07-31;1.0;1626.68;1.1081465605148257
2016-08-31;1.0;593.9;-0.25732360583729613
2016-09-30;1.0;490.97;-0.3934105209814932
2016-10-31;1.0;117.23;-0.8875436567630168
2016-11-30;1.0;84.7;-0.9305525691271549
2016-12-31;1.0;98.61;-0.9121617307937655
2017-01-31;1.0;153.87;-0.8391007871343044
2017-02-28;1.0;164.46;-0.8250994227956562
2017-03-31;1.0;262.35;-0.6956760464868497
2017-04-30;1.0;313.17;-0.6284853632299946
2017-05-31;1.0;1558.1;1.0174748356475465
2017-06-30;1.0;2218.63;1.8907818409928934
2017-07-31;1.0;762.65;-0.03421404661662906
2017-08-31;1.0;921.81;0.17621627898669756
2017-09-30;1.0;710.87;-0.10267397536593949
2017-10-31;1.0;563.0;-0.2981774451257027
2017-11-30;1.0;249.73;-0.7123613361897524
2017-12-31;1.0;133.87;-0.8655434015604575
2018-01-31;1.0;193.9;-0.7861758943603588
2018-02-28;1.0;183.0;-0.8005871192226123
2018-03-31;1.0;36.19;-0.9946891304177894
2018-04-30;1.0;1005.43;0.28677284990244384
2018-05-31;1.0;4120.03;4.404681194487272
2018-06-30;1.0;3244.57;3.2472086332112706
2018-07-31;1.0;870.9;0.1089066039649248
2018-08-31;1.0;625.58;-0.2154385045862695
2018-09-30;1.0;462.13;-0.43154077098400606
2018-10-31;1.0;320.42;-0.618899915500514
2018-11-30;1.0;394.53;-0.5209168077444037
2018-12-31;1.0;279.52;-0.6729750620019973
2019-01-31;1.0;166.48;-0.8224287187386148
2019-02-28;1.0;532.93;-0.33793391591542404
2019-03-31;1.0;544.97;-0.3220154620308797
2019-04-30;1.0;999.5;0.2789326147250895
2019-05-31;1.0;1064.13;0.3643819232432035
2019-06-30;1.0;1622.93;1.103188570309922
2019-07-31;1.0;502.39;-0.37831178814415983
2019-08-31;1.0;734.32;-0.07167000995127489
2019-09-30;1.0;505.43;-0.37429251075138453
2019-10-31;1.0;722.81;-0.08688773455352615
2019-11-30;1.0;563.33;-0.29774114198767115
2019-12-31;1.0;641.03;-0.1950115849420663
2020-01-31;1.0;495.61;-0.3872758344346257
2020-02-29;1.0;404.28;-0.5080260332116541
2020-03-31;1.0;485.32;-0.4008805595568815
2020-04-30;1.0;359.1;-0.5677598992003339
2020-05-31;1.0;517.61;-0.35818895856585725
2020-06-30;1.0;2405.5;2.137848408883655
2020-07-31;1.0;1003.29;0.28394349015884546
2020-08-31;1.0;726.0;-0.08267013755255465
2020-09-30;1.0;267.7;-0.6886026471278537
2020-10-31;1.0;918.39;0.17169459191982542
2020-11-30;1.0;1030.07;0.3193501508754645
2020-12-31;1.0;944.1;0.20568657276464533
2021-01-31;1.0;372.26;-0.5503606589079252
2021-02-28;1.0;369.57;-0.5539171905482427
2021-03-31;1.0;507.77;-0.3711987248635246
2021-04-30;1.0;295.77;-0.6514904377807479
2021-05-31;1.0;1097.71;0.40877907286471454
2021-06-30;1.0;2888.17;2.776001244137222
2021-07-31;1.0;1041.84;0.3349116294652556
2021-08-31;1.0;403.1;-0.5095861474627971
2021-09-30;1.0;268.1;-0.6880737948393307
2021-10-31;1.0;551.35;-0.3135802680289369
2021-11-30;1.0;502.43;-0.3782589029153075
2021-12-31;1.0;346.42;-0.5845245167465151
2022-01-31;1.0;211.58;-0.7628006232076394
2022-02-28;1.0;212.32;-0.7618222464738719
2022-03-31;1.0;669.29;-0.15764817075791193
2022-04-30;1.0;434.9;-0.46754239052521357
2022-05-31;1.0;581.45;-0.2737841333175764
2022-06-30;1.0;643.9;-0.1912170697719133
2022-07-31;1.0;403.35;-0.5092556147824701
2022-08-31;1.0;430.35;-0.47355808530716337
2022-09-30;1.0;264.67;-0.6926087032134158
2022-10-31;1.0;511.1;-0.3667960295615701
2022-11-30;1.0;746.23;-0.05592343306050073
2022-12-31;1.0;422.23;-0.48429378676418156
2023-01-31;1.0;490.52;-0.3940054798060817
2023-02-28;1.0;407.14;-0.5042447393487142
2023-03-31;1.0;250.74;-0.7110259841612316
2023-04-30;1.0;1336.0;0.7238296024451161
2023-05-31;1.0;1558.03;1.017382286497055
2023-06-30;1.0;1747.63;1.268058271256987
2023-07-31;1.0;1077.32;0.38182082745725127
2023-08-31;1.0;1740.68;1.2588694627438988
2023-09-30;1.0;2027.8;1.638479635445753
2023-10-31;1.0;542.65;-0.32508280530431355
2023-11-30;1.0;291.3;-0.6574003621049931
2023-12-31;1.0;130.03;-0.8706203835302789
2024-01-31;1.0;134.84;-0.864260934760789
2024-02-29;1.0;235.28;-0.7314661251126481
2024-03-31;1.0;783.9;-0.006118768788841351
2024-04-30;1.0;886.0;0.12887077785667045
2024-05-31;1.0;2772.39;2.6229249492242213
2024-06-30;1.0;2791.83;2.648627170446442
2024-07-31;1.0;2017.16;1.6244121645710397
2024-08-31;1.0;1661.67;1.1544079144533808
2012-01-31;2.0;275.63;0.7315798839759591
2012-02-29;2.0;76.31;-1.030764997420326
2012-03-31;2.0;287.61;0.8375044860185414
2012-04-30;2.0;52.03;-1.2454435731794158
2012-05-31;2.0;173.55;-0.17098968000624412
2012-06-30;2.0;163.73;-0.2578160232498301
2012-07-31;2.0;278.26;0.7548337824210334
2012-08-31;2.0;274.55;0.7220307545764609
2012-09-30;2.0;199.37;0.05730524693361171
2012-10-31;2.0;118.29;-0.6595868009472371
2012-11-30;2.0;167.47;-0.22474774181082688
2012-12-31;2.0;10.87;-1.6093715047380706
2013-01-31;2.0;186.16;-0.05949475248062137
2013-02-28;2.0;84.21;-0.9609148842202925
2013-03-31;2.0;6.29;-1.649866886821128
2013-04-30;2.0;42.8;-1.3270532623992017
2013-05-31;2.0;172.35;-0.18159982378346454
2013-06-30;2.0;266.0;0.6464334801637666
2013-07-31;2.0;221.45;0.25253189243446433
2013-08-31;2.0;148.03;-0.39663207100179504
2013-09-30;2.0;99.03;-0.8298796085716222
2013-10-31;2.0;73.58;-1.054903074513502
2013-11-30;2.0;235.3;0.37499063519654835
2013-12-31;2.0;178.42;-0.12793017984369212
2014-01-31;2.0;134.58;-0.515554099171472
2014-02-28;2.0;41.79;-1.3359834667450285
2014-03-31;2.0;273.13;0.7094754177734168
2014-04-30;2.0;214.8;0.19373401233570225
2014-05-31;2.0;150.97;-0.3706372187476054
2014-06-30;2.0;194.17;0.011327957232323774
2014-07-31;2.0;233.74;0.36119744828616196
2014-08-31;2.0;166.26;-0.23544630345285736
2014-09-30;2.0;57.8;-1.1944264651839485
2014-10-31;2.0;82.35;-0.977360607074984
2014-11-30;2.0;122.4;-0.6232470585102576
2014-12-31;2.0;153.87;-0.34499603795265643
2015-01-31;2.0;224.39;0.27852674468865396
2015-02-28;2.0;118.43;-0.6583489508398946
2015-03-31;2.0;169.35;-0.2081251832265152
2015-04-30;2.0;104.5;-0.78151503652046
2015-05-31;2.0;146.94;-0.40626961826610347
2015-06-30;2.0;311.5;1.0487347650500347
2015-07-31;2.0;331.68;1.2271620162369554
2015-08-31;2.0;213.48;0.1820628541807598
2015-09-30;2.0;178.13;-0.13049429792318695
2015-10-31;2.0;106.94;-0.7599410775067788
2015-11-30;2.0;208.27;0.135997146614662
2015-12-31;2.0;418.68;1.996397440085424
2016-01-31;2.0;34.81;-1.3976991363825264
2016-02-29;2.0;203.93;0.09762379328704872
2016-03-31;2.0;50.74;-1.2568494777399275
2016-04-30;2.0;68.07;-1.103621318023905
2016-05-31;2.0;133.55;-0.5246611392469194
2016-06-30;2.0;283.57;0.8017836686352331
2016-07-31;2.0;261.58;0.6073527839176718
2016-08-31;2.0;299.26;0.9405112985223879
2016-09-30;2.0;186.73;-0.05445493418644181
2016-10-31;2.0;78.32;-1.012993006593482
2016-11-30;2.0;37.63;-1.3727652985060588
2016-12-31;2.0;223.03;0.26650191507447113
2017-01-31;2.0;430.58;2.1016146992095246
2017-02-28;2.0;97.82;-0.8405781702136528
2017-03-31;2.0;142.06;-0.4494175362934658
2017-04-30;2.0;337.97;1.2827768532025516
2017-05-31;2.0;235.84;0.37976519989629737
2017-06-30;2.0;618.7;3.764931572018421
2017-07-31;2.0;410.94;1.9279620127223533
2017-08-31;2.0;293.35;0.8882563404195785
2017-09-30;2.0;150.2;-0.3774453943379885
2017-10-31;2.0;288.58;0.8460810189051275
2017-11-30;2.0;272.17;0.7009873027516408
2017-12-31;2.0;259.68;0.5905533896037399
2018-01-31;2.0;96.97;-0.848093688722517
2018-02-28;2.0;110.71;-0.7266075424733451
2018-03-31;2.0;2.84;-1.6803710501806361
2018-04-30;2.0;103.73;-0.7883232121108429
2018-05-31;2.0;420.65;2.0138157594530273
2018-06-30;2.0;452.8;2.2980791948177206
2018-07-31;2.0;187.74;-0.045524729840614585
2018-08-31;2.0;164.26;-0.25312987641489115
2018-09-30;2.0;283.07;0.7973627753947247
2018-10-31;2.0;677.29;4.282971841941199
2018-11-30;2.0;144.47;-0.42810883087421514
2018-12-31;2.0;66.84;-1.1144967153955556
2019-01-31;2.0;119.87;-0.6456167783072304
2019-02-28;2.0;102.64;-0.7979607593751513
2019-03-31;2.0;74.61;-1.0457960344380546
2019-04-30;2.0;68.1;-1.1033560644294744
2019-05-31;2.0;156.03;-0.32589777915365997
2019-06-30;2.0;234.37;0.36676777376920255
2019-07-31;2.0;258.29;0.5782633063951266
2019-08-31;2.0;224.23;0.27711205885169127
2019-09-30;2.0;210.83;0.15863212000606525
2019-10-31;2.0;159.42;-0.29592412298301285
2019-11-30;2.0;72.93;-1.060650235726163
2019-12-31;2.0;132.71;-0.5320882398909736
2020-01-31;2.0;340.81;1.3078875268086394
2020-02-29;2.0;206.24;0.11804832005819772
2020-03-31;2.0;94.1;-0.8734696159230355
2020-04-30;2.0;63.73;-1.1419946713515183
2020-05-31;2.0;158.13;-0.30733002754352456
2020-06-30;2.0;337.87;1.2818926745544499
2020-07-31;2.0;293.55;0.8900246977157817
2020-08-31;2.0;213.48;0.1820628541807598
2020-09-30;2.0;196.0;0.027508426492584778
2020-10-31;2.0;134.13;-0.5195329030879298
2020-11-30;2.0;477.87;2.519742781896813
2020-12-31;2.0;205.94;0.11539578411389256
2021-01-31;2.0;168.74;-0.21351867297993535
2021-02-28;2.0;149.54;-0.38328097341545964
2021-03-31;2.0;206.13;0.11707572354528575
2021-04-30;2.0;120.33;-0.6415495565259627
2021-05-31;2.0;121.68;-0.6296131447765898
2021-06-30;2.0;183.27;-0.08504751541076004
2021-07-31;2.0;218.45;0.22600653299141368
2021-08-31;2.0;167.94;-0.22059210216474895
2021-09-30;2.0;148.17;-0.3953942208944528
2021-10-31;2.0;260.9;0.6013403691105802
2021-11-30;2.0;357.0;1.4510360499363029
2021-12-31;2.0;171.29;-0.19097211745334244
2022-01-31;2.0;254.9;0.5482896502244792
2022-02-28;2.0;207.07;0.1253870028374416
2022-03-31;2.0;196.0;0.027508426492584778
2022-04-30;2.0;92.7;-0.885848116996459
2022-05-31;2.0;325.68;1.174111297350854
2022-06-30;2.0;417.8;1.9886166679821293
2022-07-31;2.0;305.19;0.9929430923548181
2022-08-31;2.0;202.39;0.08400744210628253
2022-09-30;2.0;53.03;-1.2366017866983987
2022-10-31;2.0;200.68;0.06888798722374384
2022-11-30;2.0;168.53;-0.21537544814094894
2022-12-31;2.0;93.39;-0.8797472843245575
2023-01-31;2.0;164.39;-0.251980444172359
2023-02-28;2.0;236.82;0.3884301506476938
2023-03-31;2.0;45.58;-1.3024730959819746
2023-04-30;2.0;51.83;-1.247211930475619
2023-05-31;2.0;195.81;0.02582848706119159
2023-06-30;2.0;338.43;1.2868440749838193
2023-07-31;2.0;357.29;1.453600168015798
2023-08-31;2.0;255.9;0.557131436705496
2023-09-30;2.0;238.57;0.40390327698947337
2023-10-31;2.0;170.13;-0.201228589771322
2023-11-30;2.0;55.97;-1.2106069344442092
2023-12-31;2.0;112.16;-0.7137869520758706
2024-01-31;2.0;106.48;-0.7640082992880465
2024-02-29;2.0;81.72;-0.9829309325580246
2024-03-31;2.0;57.55;-1.1966369118042026
2024-04-30;2.0;103.43;-0.7909757480551479
2024-05-31;2.0;252.1;0.5235326480776318
2024-06-30;2.0;294.23;0.8960371125228732
2024-07-31;2.0;319.58;1.120176399816651
2024-08-31;2.0;294.53;0.8986896484671779
2012-01-31;3.0;282.33;-0.30539453330360405
2012-02-29;3.0;71.72;-0.8331387809255562
2012-03-31;3.0;295.1;-0.2733956061770082
2012-04-30;3.0;157.17;-0.6190191001919927
2012-05-31;3.0;189.39;-0.5382825745836203
2012-06-30;3.0;461.5;0.14356770422749687
2012-07-31;3.0;771.61;0.9206379697896429
2012-08-31;3.0;968.13;1.4130756486399634
2012-09-30;3.0;524.43;0.3012570138654505
2012-10-31;3.0;277.52;-0.31744737899498426
2012-11-30;3.0;149.87;-0.6373113608046902
2012-12-31;3.0;31.42;-0.9341220826641471
2013-01-31;3.0;174.68;-0.5751427326127685
2013-02-28;3.0;59.71;-0.8632333083171313
2013-03-31;3.0;13.39;-0.9793014605883854
2013-04-30;3.0;26.67;-0.9460245810080258
2013-05-31;3.0;172.52;-0.580555237122827
2013-06-30;3.0;561.5;0.3941466167302043
2013-07-31;3.0;756.58;0.882975959240486
2013-08-31;3.0;638.58;0.5872928424872913
2013-09-30;3.0;388.13;-0.040282043875739575
2013-10-31;3.0;169.61;-0.5878470834766558
2013-11-30;3.0;247.77;-0.3919946054645397
2013-12-31;3.0;268.94;-0.33894704968771655
2014-01-31;3.0;180.48;-0.5606091556876115
2014-02-28;3.0;15.29;-0.9745404612508338
2014-03-31;3.0;132.39;-0.6811125547101635
2014-04-30;3.0;184.43;-0.5507112886437545
2014-05-31;3.0;360.42;-0.10971746053023974
2014-06-30;3.0;744.4;0.8524554476976561
2014-07-31;3.0;920.68;1.2941759546574285
2014-08-31;3.0;503.87;0.249737989454894
2014-09-30;3.0;199.93;-0.5118715572058349
2014-10-31;3.0;101.16;-0.7593683490847589
2014-11-30;3.0;140.27;-0.66136693640495
2014-12-31;3.0;113.35;-0.7288227796506791
2015-01-31;3.0;218.65;-0.46496318478532805
2015-02-28;3.0;158.0;-0.6169392952182201
2015-03-31;3.0;143.65;-0.6528973691623585
2015-04-30;3.0;109.0;-0.7397229623445468
2015-05-31;3.0;131.1;-0.6843450226814485
2015-06-30;3.0;433.9;0.07440792437674956
2015-07-31;3.0;907.71;1.2616758697058277
2015-08-31;3.0;1029.48;1.5668058114603747
2015-09-30;3.0;389.53;-0.03677393910070172
2015-10-31;3.0;152.29;-0.6312473511221247
2015-11-30;3.0;251.9;-0.38164569637817786
2015-12-31;3.0;583.74;0.4498753668708064
2016-01-31;3.0;127.55;-0.6932405740752945
2016-02-29;3.0;154.48;-0.6257596729383155
2016-03-31;3.0;35.94;-0.9227959158190249
2016-04-30;3.0;56.17;-0.872103801819727
2016-05-31;3.0;225.1;-0.4488008449289035
2016-06-30;3.0;678.23;0.6866473812946147
2016-07-31;3.0;783.26;0.9498304130962082
2016-08-31;3.0;825.03;1.054497224848589
2016-09-30;3.0;751.0;0.8689936559228348
2016-10-31;3.0;293.03;-0.2785825896658144
2016-11-30;3.0;42.97;-0.9051802182700845
2016-12-31;3.0;287.1;-0.2934419191772248
2017-01-31;3.0;863.39;1.1506192956846277
2017-02-28;3.0;246.82;-0.3943751051333154
2017-03-31;3.0;71.55;-0.8335647650768107
2017-04-30;3.0;233.2;-0.4285039530161842
2017-05-31;3.0;295.71;-0.2718670748107418
2017-06-30;3.0;859.63;1.141197528574526
2017-07-31;3.0;1194.0;1.9790582383098287
2017-08-31;3.0;1104.23;1.7541135485561485
2017-09-30;3.0;583.03;0.4480962565920371
2017-10-31;3.0;324.35;-0.2001012742699663
2017-11-30;3.0;363.23;-0.10267619308891367
2017-12-31;3.0;401.06;-0.007882190489139487
2018-01-31;3.0;117.9;-0.7174214391318057
2018-02-28;3.0;69.79;-0.8379749539368583
2018-03-31;3.0;6.35;-0.9969422160285759
2018-04-30;3.0;85.87;-0.797681864806423
2018-05-31;3.0;555.97;0.38028960286880464
2018-06-30;3.0;1081.93;1.6982344510680447
2018-07-31;3.0;842.58;1.0984738239928145
2018-08-31;3.0;768.87;0.9137721075870686
2018-09-30;3.0;606.17;0.5060802169451636
2018-10-31;3.0;1253.29;2.127626475532684
2018-11-30;3.0;263.07;-0.3536560318516255
2018-12-31;3.0;69.9;-0.8376993171331053
2019-01-31;3.0;25.42;-0.9491568174143096
2019-02-28;3.0;32.07;-0.9324933197328796
2019-03-31;3.0;28.19;-0.9422157815379847
2019-04-30;3.0;78.9;-0.8151472150078616
2019-05-31;3.0;329.9;-0.18619414462606615
2019-06-30;3.0;705.7;0.7554814085591085
2019-07-31;3.0;720.55;0.7926923770657603
2019-08-31;3.0;604.03;0.5007178282176057
2019-09-30;3.0;842.6;1.0985239397753148
2019-10-31;3.0;90.0;-0.7873329557200612
2019-11-30;3.0;5.9;-0.9980698211348382
2019-12-31;3.0;36.87;-0.9204655319327496
2020-01-31;3.0;194.48;-0.5255281079372325
2020-02-29;3.0;82.9;-0.8051240585077534
2020-03-31;3.0;31.0;-0.9351745140966585
2020-04-30;3.0;75.0;-0.8249197925954673
2020-05-31;3.0;117.68;-0.7179727127393117
2020-06-30;3.0;1187.57;1.9629460142359045
2020-07-31;3.0;1609.45;3.0200883303023267
2020-08-31;3.0;1593.32;2.97966995171564
2020-09-30;3.0;1029.77;1.5675324903066323
2020-10-31;3.0;157.23;-0.618868752844491
2020-11-30;3.0;456.3;0.1305376007773561
2020-12-31;3.0;129.94;-0.6872517380664799
2021-01-31;3.0;1.35;-1.0094711616537113
2021-02-28;3.0;67.64;-0.8433624005556666
2021-03-31;3.0;53.81;-0.878017464154791
2021-04-30;3.0;108.43;-0.7411512621458122
2021-05-31;3.0;196.87;-0.5195392719284178
2021-06-30;3.0;835.23;1.0800562739238653
2021-07-31;3.0;878.03;1.187304048475024
2021-08-31;3.0;278.55;-0.3148664161962063
2021-09-30;3.0;178.03;-0.5667483390439279
2021-10-31;3.0;428.94;0.06197921031661533
2021-11-30;3.0;601.17;0.49355127132002824
2021-12-31;3.0;53.97;-0.8776165378947868
2022-01-31;3.0;71.87;-0.832762912556802
2022-02-28;3.0;50.04;-0.8874642891561431
2022-03-31;3.0;12.32;-0.9819826549521643
2022-04-30;3.0;15.63;-0.9736884929483247
2022-05-31;3.0;367.74;-0.09137508413504158
2022-06-30;3.0;1154.77;1.8807561309350167
2022-07-31;3.0;1470.19;2.6711321367510568
2022-08-31;3.0;1280.65;2.196184865993425
2022-09-30;3.0;511.2;0.26810542374134244
2022-10-31;3.0;396.9;-0.01830627324925218
2022-11-30;3.0;351.0;-0.13332199408799483
2022-12-31;3.0;10.16;-0.9873951594622227
2023-01-31;3.0;30.9;-0.9354250930091613
2023-02-28;3.0;66.11;-0.847196257916958
2023-03-31;3.0;16.19;-0.9722852510383095
2023-04-30;3.0;6.67;-0.9961403635085673
2023-05-31;3.0;240.55;-0.41008640294723514
2023-06-30;3.0;1119.5;1.7923769484953118
2023-07-31;3.0;1390.1;2.470443485727638
2023-08-31;3.0;1019.26;1.541196646602598
2023-09-30;3.0;868.1;1.1624215624635053
2023-10-31;3.0;636.77;0.5827573641709921
2023-11-30;3.0;1.07;-1.010172782608719
2023-12-31;3.0;38.87;-0.9154539536826954
2024-01-31;3.0;27.29;-0.944470991750509
2024-02-29;3.0;32.83;-0.9305889199978591
2024-03-31;3.0;21.35;-0.9593553791531698
2024-04-30;3.0;106.77;-0.7453108720933572
2024-05-31;3.0;777.1;0.9343947520860415
2024-06-30;3.0;1097.83;1.7380764981559749
2024-07-31;3.0;1075.42;1.6819217638641186
2024-08-31;3.0;1041.67;1.5973513808944548
2012-01-31;4.0;438.96;-0.9133692549996717
2012-02-29;4.0;187.97;-1.2381270809132114
2012-03-31;4.0;668.1;-0.6168833064366673
2012-04-30;4.0;552.6;-0.7663296146282839
2012-05-31;4.0;808.13;-0.435697448981498
2012-06-30;4.0;1550.27;0.5245630112897253
2012-07-31;4.0;2050.9;1.1723318880859936
2012-08-31;4.0;2411.94;1.6394842266963938
2012-09-30;4.0;1924.2;1.008393816675796
2012-10-31;4.0;1002.06;-0.18476998103690764
2012-11-30;4.0;451.77;-0.8967943008184197
2012-12-31;4.0;88.32;-1.3670649563356754
2013-01-31;4.0;311.55;-1.078226000685333
2013-02-28;4.0;229.29;-1.1846628258960894
2013-03-31;4.0;37.84;-1.4323814034137083
2013-04-30;4.0;133.43;-1.30869679215798
2013-05-31;4.0;852.35;-0.37848086241670764
2013-06-30;4.0;1766.63;0.8045128228943847
2013-07-31;4.0;2015.71;1.1267992856161841
2013-08-31;4.0;2024.29;1.1379010113675612
2013-09-30;4.0;1750.03;0.7830339595525592
2013-10-31;4.0;1140.58;-0.0055379238013862735
2013-11-30;4.0;756.9;-0.5019843266322037
2013-12-31;4.0;571.48;-0.741900642345533
2014-01-31;4.0;319.77;-1.0675900816088386
2014-02-28;4.0;88.82;-1.3664180026205601
2014-03-31;4.0;461.9;-0.8836870185501854
2014-04-30;4.0;706.4;-0.5673266518588412
2014-05-31;4.0;950.81;-0.251082736836218
2014-06-30;4.0;1650.63;0.654419560987653
2014-07-31;4.0;1958.94;1.0533441608020018
2014-08-31;4.0;1705.81;0.7258173729877688
2014-09-30;4.0;1091.0;-0.0696898541922117
2014-10-31;4.0;620.84;-0.6780333715893582
2014-11-30;4.0;862.1;-0.36586526497196076
2014-12-31;4.0;436.42;-0.9166557798724569
2015-01-31;4.0;530.03;-0.795533105328585
2015-02-28;4.0;398.57;-0.9656301761066796
2015-03-31;4.0;584.87;-0.7245752218547473
2015-04-30;4.0;498.73;-0.8360324078947979
2015-05-31;4.0;655.32;-0.6334194433950123
2015-06-30;4.0;1359.07;0.2771679106296639
2015-07-31;4.0;2131.39;1.2764784971452419
2015-08-31;4.0;2146.58;1.2961329510104425
2015-09-30;4.0;1271.8;0.16424860919345288
2015-10-31;4.0;660.1;-0.6272345658785109
2015-11-30;4.0;751.63;-0.5088032187895182
2015-12-31;4.0;1174.61;0.03849374604935577
2016-01-31;4.0;462.84;-0.8824707455657688
2016-02-29;4.0;484.34;-0.8546517358158142
2016-03-31;4.0;265.03;-1.1384185743396533
2016-04-30;4.0;409.97;-0.9508796314020523
2016-05-31;4.0;926.42;-0.2826411390595386
2016-06-30;4.0;1762.7;0.799427766693579
2016-07-31;4.0;2006.58;1.11498591077818
2016-08-31;4.0;2178.81;1.3378355874867698
2016-09-30;4.0;1948.8;1.0402239394594648
2016-10-31;4.0;1136.39;-0.01095939593405162
2016-11-30;4.0;262.27;-1.1419897588470893
2016-12-31;4.0;619.45;-0.6798319029173785
2017-01-31;4.0;1462.06;0.41042743686909755
2017-02-28;4.0;676.25;-0.6063379608802892
2017-03-31;4.0;413.87;-0.9458333924241537
2017-04-30;4.0;640.23;-0.6529445065171898
2017-05-31;4.0;1040.9;-0.1345146164467569
2017-06-30;4.0;2012.9;1.1231634057372366
2017-07-31;4.0;2397.39;1.6206578735865407
2017-08-31;4.0;2359.9;1.5721492840272013
2017-09-30;4.0;1667.07;0.6756913991406412
2017-10-31;4.0;777.35;-0.4755239196839911
2017-11-30;4.0;1119.27;-0.03311109113959701
2017-12-31;4.0;967.97;-0.22887928533346344
2018-01-31;4.0;310.48;-1.0796104816356795
2018-02-28;4.0;272.5;-1.128753085835832
2018-03-31;4.0;59.68;-1.4041224651374753
2018-04-30;4.0;387.03;-0.9805618678515389
2018-05-31;4.0;1582.74;0.5665761855493079
2018-06-30;4.0;2116.37;1.2570440075431806
2018-07-31;4.0;2111.61;1.250885008175284
2018-08-31;4.0;2088.32;1.220749904125217
2018-09-30;4.0;1907.67;0.9870055268540868
2018-10-31;4.0;2498.71;1.7517565744174897
2018-11-30;4.0;1603.67;0.5936576680640312
2018-12-31;4.0;325.42;-1.0602795046280364
2019-01-31;4.0;428.23;-0.9272528817260444
2019-02-28;4.0;253.32;-1.1535702303476518
2019-03-31;4.0;283.03;-1.1151282405955052
2019-04-30;4.0;614.87;-0.685757998947834
2019-05-31;4.0;1138.23;-0.008578606262427704
2019-06-30;4.0;1854.8;0.9185966410178029
2019-07-31;4.0;2006.77;1.1152317531899238
2019-08-31;4.0;1958.35;1.0525807554181656
2019-09-30;4.0;2164.9;1.3198373351322645
2019-10-31;4.0;998.9;-0.18885872851643581
2019-11-30;4.0;330.47;-1.0537452721053728
2019-12-31;4.0;259.23;-1.1459232374349897
2020-01-31;4.0;927.0;-0.28189067275000484
2020-02-29;4.0;1167.69;0.029539906632161283
2020-03-31;4.0;1085.61;-0.07666401524115393
2020-04-30;4.0;1817.47;0.8702950766473005
2020-05-31;4.0;1376.74;0.30003125492183597
2020-06-30;4.0;2452.53;1.6920039292894478
2020-07-31;4.0;2455.81;1.6962479456606034
2020-08-31;4.0;2490.81;1.741534705718669
2020-09-30;4.0;2222.13;1.3938876573643528
2020-10-31;4.0;1249.97;0.13600260999152236
2020-11-30;4.0;1434.93;0.3753237282869457
2020-12-31;4.0;718.06;-0.5522396912223543
2021-01-31;4.0;31.23;-1.4409341315275315
2021-02-28;4.0;137.21;-1.3038058220717088
2021-03-31;4.0;417.42;-0.9412400210468355
2021-04-30;4.0;466.83;-0.8773080549191493
2021-05-31;4.0;798.84;-0.4477178490083388
2021-06-30;4.0;1831.77;0.8887979528995958
2021-07-31;4.0;1907.03;0.9861774260987392
2021-08-31;4.0;1216.16;0.09225559977543105
2021-09-30;4.0;1229.53;0.10955514211761196
2021-10-31;4.0;1842.55;0.90274627499748
2021-11-30;4.0;1939.43;1.0281000268382057
2021-12-31;4.0;501.29;-0.8327200048734081
2022-01-31;4.0;623.87;-0.67411283207576
2022-02-28;4.0;794.25;-0.45365688411309657
2022-03-31;4.0;386.55;-0.9811829434180495
2022-04-30;4.0;305.17;-1.086481130090203
2022-05-31;4.0;1296.03;0.19559998622793662
2022-06-30;4.0;2401.43;1.6258852596046716
2022-07-31;4.0;2709.1;2.023981758663673
2022-08-31;4.0;2642.9;1.9383250867824178
2022-09-30;4.0;1858.73;0.9236816972186087
2022-10-31;4.0;1816.9;0.8695575494120692
2022-11-30;4.0;1294.3;0.19336152637363793
2022-12-31;4.0;37.16;-1.433261260466265
2023-01-31;4.0;231.39;-1.1819456202926055
2023-02-28;4.0;586.25;-0.7227896296010293
2023-03-31;4.0;380.52;-0.988985205222339
2023-04-30;4.0;246.37;-1.1625628869877533
2023-05-31;4.0;925.58;-0.28372802130093205
2023-06-30;4.0;2074.03;1.202259966947224
2023-07-31;4.0;2486.87;1.736436710443561
2023-08-31;4.0;2326.29;1.528661055297156
2023-09-30;4.0;2311.07;1.5089677842090488
2023-10-31;4.0;2041.84;1.1606090867681056
2023-11-30;4.0;108.83;-1.340526914941649
2023-12-31;4.0;204.0;-1.2173857448066174
2024-01-31;4.0;138.39;-1.302279011304037
2024-02-29;4.0;403.86;-0.9587854058007604
2024-03-31;4.0;376.0;-0.9948336668069806
2024-04-30;4.0;715.5;-0.5555520942437442
2024-05-31;4.0;1836.42;0.8948146224501675
2024-06-30;4.0;2086.2;1.218006820373128
2024-07-31;4.0;2199.65;1.3648006183327726
2024-08-31;4.0;2159.73;1.313147833717973
2012-01-31;5.0;77.3;-0.5212547946779748
2012-02-29;5.0;32.62;-0.7284334750181787
2012-03-31;5.0;150.65;-0.1811349154713059
2012-04-30;5.0;167.57;-0.10267781450093326
2012-05-31;5.0;144.61;-0.2091420602621481
2012-06-30;5.0;341.73;0.7048924399316971
2012-07-31;5.0;488.55;1.3856886316852504
2012-08-31;5.0;594.77;1.8782248766659229
2012-09-30;5.0;206.8;0.07922951830448763
2012-10-31;5.0;31.42;-0.7339978084203328
2012-11-30;5.0;21.7;-0.7790689089777809
2012-12-31;5.0;0.16;-0.8789486935464468
2013-01-31;5.0;17.32;-0.7993787258956434
2013-02-28;5.0;2.21;-0.8694429573177669
2013-03-31;5.0;2.48;-0.8681909823022823
2013-04-30;5.0;9.7;-0.8347122429993219
2013-05-31;5.0;279.29;0.4153616252396127
2013-06-30;5.0;607.17;1.9357229884881817
2013-07-31;5.0;399.19;0.9713312710048422
2013-08-31;5.0;269.1;0.3681111607663209
2013-09-30;5.0;67.57;-0.5663722646804408
2013-10-31;5.0;52.68;-0.6354163683121694
2013-11-30;5.0;41.5;-0.6872574078422384
2013-12-31;5.0;60.48;-0.5992482011981679
2014-01-31;5.0;14.39;-0.8129649732859028
2014-02-28;5.0;0.0;-0.879690604666734
2014-03-31;5.0;5.39;-0.8546974738020586
2014-04-30;5.0;82.37;-0.49774548605387364
2014-05-31;5.0;137.74;-0.24099786898948028
2014-06-30;5.0;283.37;0.43428035880693655
2014-07-31;5.0;223.19;0.15522903868890886
2014-08-31;5.0;159.19;-0.14153540942597598
2014-09-30;5.0;47.57;-0.6591111547163423
2014-10-31;5.0;22.52;-0.7752666144863088
2014-11-30;5.0;9.7;-0.8347122429993219
2014-12-31;5.0;10.52;-0.8309099485078498
2015-01-31;5.0;30.35;-0.7389593390372535
2015-02-28;5.0;19.0;-0.7915886591326275
2015-03-31;5.0;32.87;-0.7272742388927299
2015-04-30;5.0;29.43;-0.743225327978905
2015-05-31;5.0;62.77;-0.5886295982890571
2015-06-30;5.0;259.07;0.32160260741331614
2015-07-31;5.0;629.61;2.0397760231084634
2015-08-31;5.0;394.97;0.951763365207267
2015-09-30;5.0;63.97;-0.583065264886903
2015-10-31;5.0;9.13;-0.837355301365345
2015-11-30;5.0;6.4;-0.8500141598552455
2015-12-31;5.0;100.48;-0.4137704211263648
2016-01-31;5.0;3.03;-0.8656406628262949
2016-02-29;5.0;34.62;-0.7191595860145885
2016-03-31;5.0;32.61;-0.7284798444631967
2016-04-30;5.0;36.9;-0.7085873525504958
2016-05-31;5.0;201.48;0.054560973554937726
2016-06-30;5.0;346.6;0.7274743596554393
2016-07-31;5.0;323.68;0.621195591674296
2016-08-31;5.0;336.23;0.6793892451718243
2016-09-30;5.0;154.67;-0.16249439857408976
2016-10-31;5.0;48.19;-0.6562362491252294
2016-11-30;5.0;20.27;-0.7856997396153478
2016-12-31;5.0;200.71;0.050990526288555604
2017-01-31;5.0;373.32;0.8513735167434036
2017-02-28;5.0;153.18;-0.16940344588176434
2017-03-31;5.0;15.55;-0.8075861176638206
2017-04-30;5.0;61.4;-0.5949822122565164
2017-05-31;5.0;208.45;0.0868804767324494
2017-06-30;5.0;650.07;2.1346479076151907
2017-07-31;5.0;820.97;2.927101722971969
2017-08-31;5.0;548.65;1.6643689962431338
2017-09-30;5.0;67.37;-0.5672996535807998
2017-10-31;5.0;42.0;-0.6849389355913409
2017-11-30;5.0;120.8;-0.3195477088498889
2017-12-31;5.0;75.23;-0.5308532697966905
2018-01-31;5.0;2.35;-0.8687937850875156
2018-02-28;5.0;0.75;-0.8762128962903877
2018-03-31;5.0;0.35;-0.8780676740911058
2018-04-30;5.0;52.7;-0.6353236294221335
2018-05-31;5.0;488.32;1.3846221344498373
2018-06-30;5.0;484.03;1.364729642537136
2018-07-31;5.0;393.68;0.9457817067999513
2018-08-31;5.0;265.19;0.349980707764302
2018-09-30;5.0;127.3;-0.28940756958822095
2018-10-31;5.0;531.45;1.584613550812259
2018-11-30;5.0;78.7;-0.5147630723754616
2018-12-31;5.0;19.19;-0.7907076396772865
2019-01-31;5.0;114.61;-0.34825039531600044
2019-02-28;5.0;15.32;-0.8086526148992335
2019-03-31;5.0;23.26;-0.7718352755549807
2019-04-30;5.0;45.23;-0.6699616048505428
2019-05-31;5.0;282.94;0.4322864726711646
2019-06-30;5.0;420.43;1.0698199722229695
2019-07-31;5.0;371.52;0.8430270166401723
2019-08-31;5.0;78.19;-0.517127914071377
2019-09-30;5.0;303.57;0.527946637743197
2019-10-31;5.0;26.1;-0.7586663531698826
2019-11-30;5.0;2.93;-0.8661043572764744
2019-12-31;5.0;3.71;-0.8624875405650743
2020-01-31;5.0;98.84;-0.4213750101093088
2020-02-29;5.0;81.79;-0.5004349138649148
2020-03-31;5.0;31.97;-0.7314474889443455
2020-04-30;5.0;187.03;-0.01244287449600106
2020-05-31;5.0;165.23;-0.11352826463513375
2020-06-30;5.0;873.1;3.1688256398505463
2020-07-31;5.0;663.58;2.197293027834442
2020-08-31;5.0;483.61;1.3627821258463824
2020-09-30;5.0;296.67;0.49595172068081106
2020-10-31;5.0;35.71;-0.7141053165076319
2020-11-30;5.0;57.7;-0.6121389069131581
2020-12-31;5.0;5.06;-0.856227665487651
2021-01-31;5.0;0.32;-0.8782067824261597
2021-02-28;5.0;15.07;-0.8098118510246822
2021-03-31;5.0;50.52;-0.6454321684360468
2021-04-30;5.0;43.4;-0.6784472132888277
2021-05-31;5.0;319.61;0.6023232275519901
2021-06-30;5.0;734.13;2.5244294624360846
2021-07-31;5.0;482.06;1.3555948618686002
2021-08-31;5.0;240.42;0.23512359245483797
2021-09-30;5.0;187.17;-0.011793702265749812
2021-10-31;5.0;266.45;0.35582325783656377
2021-11-30;5.0;225.9;0.16779515828877353
2021-12-31;5.0;25.84;-0.7598719587403493
2022-01-31;5.0;83.48;-0.4925984776568811
2022-02-28;5.0;46.32;-0.6649073353435861
2022-03-31;5.0;20.1;-0.786488020180653
2022-04-30;5.0;73.6;-0.5384114893346165
2022-05-31;5.0;234.87;0.20938855046987537
2022-06-30;5.0;730.57;2.507921940009694
2022-07-31;5.0;863.52;3.124403711523349
2022-08-31;5.0;680.35;2.2750545871295453
2022-09-30;5.0;407.13;1.008148610349095
2022-10-31;5.0;164.42;-0.11728418968158778
2022-11-30;5.0;35.53;-0.714939966517955
2022-12-31;5.0;1.29;-0.8737089462594184
2023-01-31;5.0;7.9;-0.8430587431025529
2023-02-28;5.0;52.43;-0.6365756044376182
2023-03-31;5.0;26.81;-0.755374122573608
2023-04-30;5.0;34.4;-0.7201797138049834
2023-05-31;5.0;216.77;0.12545985498738452
2023-06-30;5.0;636.97;2.073903934641675
2023-07-31;5.0;522.42;1.542741941961049
2023-08-31;5.0;512.32;1.4959088024929192
2023-09-30;5.0;425.17;1.0917990891614784
2023-10-31;5.0;211.26;0.09991029078249357
2023-11-30;5.0;0.57;-0.8770475463007109
2023-12-31;5.0;6.87;-0.8478347959394018
2024-01-31;5.0;3.29;-0.8644350572558283
2024-02-29;5.0;9.0;-0.8379581041505784
2024-03-31;5.0;3.26;-0.8645741655908821
2024-04-30;5.0;35.33;-0.7158673554183139
2024-05-31;5.0;538.06;1.615263753969124
2024-06-30;5.0;399.87;0.9744843932660628
2024-07-31;5.0;323.61;0.6208710055591704
2024-08-31;5.0;249.4;0.2767633540809578
2012-01-31;6.0;39.52;-0.7074734146808193
2012-02-29;6.0;27.1;-0.7440992600218178
2012-03-31;6.0;240.16;-0.11579792279531678
2012-04-30;6.0;306.33;0.07933349316393207
2012-05-31;6.0;599.26;0.9431667359770314
2012-06-30;6.0;1093.77;2.401447475073422
2012-07-31;6.0;715.97;1.2873376224301665
2012-08-31;6.0;411.71;0.39009287980116414
2012-09-30;6.0;151.67;-0.3767496984978094
2012-10-31;6.0;47.58;-0.6837049514402035
2012-11-30;6.0;36.57;-0.7161727901845186
2012-12-31;6.0;0.74;-0.8218333407938564
2013-01-31;6.0;24.13;-0.7528576143424913
2013-02-28;6.0;5.82;-0.8068527212824014
2013-03-31;6.0;18.97;-0.7680741491218435
2013-04-30;6.0;64.8;-0.632924190025389
2013-05-31;6.0;801.39;1.539236149727114
2013-06-30;6.0;629.03;1.0309567050431767
2013-07-31;6.0;301.81;0.06600428052775553
2013-08-31;6.0;273.13;-0.018571343013294182
2013-09-30;6.0;64.67;-0.6333075523357216
2013-10-31;6.0;35.35;-0.7197704980199467
2013-11-30;6.0;46.8;-0.6860051253021985
2013-12-31;6.0;86.23;-0.5697283876374987
2014-01-31;6.0;25.06;-0.7501150993531894
2014-02-28;6.0;1.14;-0.8206537644543719
2014-03-31;6.0;15.03;-0.7796929760657673
2014-04-30;6.0;98.83;-0.5325717329437322
2014-05-31;6.0;203.35;-0.22434843543639207
2014-06-30;6.0;275.8;-0.010697670947234068
2014-07-31;6.0;246.97;-0.09571563561559054
2014-08-31;6.0;177.58;-0.3003426411076909
2014-09-30;6.0;61.07;-0.6439237393910835
2014-10-31;6.0;17.77;-0.7716128781402973
2014-11-30;6.0;3.73;-0.8130160076562086
2014-12-31;6.0;14.16;-0.7822585546041463
2015-01-31;6.0;25.58;-0.7485816501118595
2015-02-28;6.0;59.61;-0.6482291930302024
2015-03-31;6.0;61.52;-0.6425967160091632
2015-04-30;6.0;97.87;-0.5354027161584953
2015-05-31;6.0;254.74;-0.0728023652211011
2015-06-30;6.0;439.03;0.470657943787966
2015-07-31;6.0;518.23;0.7042140590059276
2015-08-31;6.0;209.65;-0.20577010808950874
2015-09-30;6.0;60.13;-0.6466957437888724
2015-10-31;6.0;50.94;-0.6737965101885324
2015-11-30;6.0;36.63;-0.7159958537335959
2015-12-31;6.0;71.71;-0.6125470087607918
2016-01-31;6.0;8.74;-0.7982418140041634
2016-02-29;6.0;25.07;-0.7500856099447024
2016-03-31;6.0;50.03;-0.6764800463608599
2016-04-30;6.0;99.87;-0.5295048344610721
2016-05-31;6.0;449.9;0.5027129308134615
2016-06-30;6.0;375.3;0.28272194349957364
2016-07-31;6.0;221.97;-0.16943915683338143
2016-08-31;6.0;238.1;-0.12187274094366277
2016-09-30;6.0;129.53;-0.44203924888828494
2016-10-31;6.0;22.9;-0.7564848115864067
2016-11-30;6.0;38.93;-0.7092132897815591
2016-12-31;6.0;238.97;-0.11930716240528362
2017-01-31;6.0;333.29;0.15883693844519786
2017-02-28;6.0;90.07;-0.5584044547784461
2017-03-31;6.0;53.13;-0.6673383297298539
2017-04-30;6.0;153.63;-0.3709697744343346
2017-05-31;6.0;556.32;0.8165392159333539
2017-06-30;6.0;1259.3;2.8895856537606592
2017-07-31;6.0;998.55;2.1206493274591
2017-08-31;6.0;430.48;0.4454444995314817
2017-09-30;6.0;74.4;-0.6046143578777574
2017-10-31;6.0;49.13;-0.6791340931247004
2017-11-30;6.0;102.8;-0.520864437774347
2017-12-31;6.0;49.45;-0.6781904320531127
2018-01-31;6.0;2.58;-0.8164072896322271
2018-02-28;6.0;0.07;-0.8238091311624932
2018-03-31;6.0;1.87;-0.8185010376348123
2018-04-30;6.0;170.5;-0.3212211423165693
2018-05-31;6.0;1144.58;2.5512831595964602
2018-06-30;6.0;397.6;0.3484833244258431
2018-07-31;6.0;197.52;-0.24154076058438087
2018-08-31;6.0;195.61;-0.2471732376054201
2018-09-30;6.0;121.33;-0.4662205638477204
2018-10-31;6.0;341.81;0.18396191447622093
2018-11-30;6.0;84.87;-0.5737389471917466
2018-12-31;6.0;32.23;-0.728971193467927
2019-01-31;6.0;210.77;-0.2024672943389517
2019-02-28;6.0;82.54;-0.5806099793692446
2019-03-31;6.0;76.32;-0.5989523914482311
2019-04-30;6.0;240.87;-0.1137041747927315
2019-05-31;6.0;623.32;1.0141182527970334
2019-06-30;6.0;609.2;0.9724792080132252
2019-07-31;6.0;391.9;0.33167436158818664
2019-08-31;6.0;63.42;-0.6369937283966112
2019-09-30;6.0;319.3;0.11758125597172206
2019-10-31;6.0;72.16;-0.6112199853788715
2019-11-30;6.0;29.0;-0.7384962724092656
2019-12-31;6.0;46.52;-0.6868308287398378
2020-01-31;6.0;302.32;0.06750824036059844
2020-02-29;6.0;213.03;-0.19580268802086342
2020-03-31;6.0;56.61;-0.6570760155763373
2020-04-30;6.0;366.37;0.2563879017205787
2020-05-31;6.0;648.39;1.088048199874234
2020-06-30;6.0;2218.63;5.718593078155193
2020-07-31;6.0;871.52;1.7460453714472612
2020-08-31;6.0;456.45;0.5220284933725228
2020-09-30;6.0;248.07;-0.09247180068200776
2020-10-31;6.0;90.23;-0.5579326242426522
2020-11-30;6.0;204.23;-0.22175336748952584
2020-12-31;6.0;37.52;-0.7133712963782425
2021-01-31;6.0;12.55;-0.787006349370572
2021-02-28;6.0;67.14;-0.6260236684394039
2021-03-31;6.0;275.13;-0.012673461315870911
2021-04-30;6.0;209.07;-0.20748049378176153
2021-05-31;6.0;647.52;1.0854826213358548
2021-06-30;6.0;712.03;1.2757187954862423
2021-07-31;6.0;295.52;0.04745544258935929
2021-08-31;6.0;220.71;-0.17315482230275805
2021-09-30;6.0;421.97;0.42034901290894566
2021-10-31;6.0;384.77;0.3106484133368727
2021-11-30;6.0;369.77;0.2664143006061982
2021-12-31;6.0;129.52;-0.44206873829677207
2022-01-31;6.0;141.13;-0.40783153504323
2022-02-28;6.0;43.29;-0.6963559076811764
2022-03-31;6.0;133.58;-0.4300960384510028
2022-04-30;6.0;257.3;-0.06525307664839931
2022-05-31;6.0;845.45;1.669166483521349
2022-06-30;6.0;1504.43;3.6124595240053425
2022-07-31;6.0;1168.42;2.621585909429746
2022-08-31;6.0;851.23;1.6862113616269023
2022-09-30;6.0;382.77;0.30475053163944943
2022-10-31;6.0;193.0;-0.2548699732205575
2022-11-30;6.0;70.97;-0.6147292249888383
2022-12-31;6.0;5.97;-0.8064103801550945
2023-01-31;6.0;30.58;-0.7338369458683013
2023-02-28;6.0;113.64;-0.4888979189743129
2023-03-31;6.0;61.1;-0.6438352711656222
2023-04-30;6.0;174.27;-0.31010363531692636
2023-05-31;6.0;777.55;1.4689333998938288
2023-06-30;6.0;1060.67;2.3038375329810674
2023-07-31;6.0;682.65;1.1890789133510946
2023-08-31;6.0;745.87;1.3755109538066441
2023-09-30;6.0;454.5;0.5162780587175351
2023-10-31;6.0;345.26;0.19413576040427605
2023-11-30;6.0;53.03;-0.667633223814725
2023-12-31;6.0;29.97;-0.7356357997860153
2024-01-31;6.0;66.71;-0.6272917130043499
2024-02-29;6.0;33.24;-0.7259927632107283
2024-03-31;6.0;24.71;-0.7511472286502385
2024-04-30;6.0;168.47;-0.3272074922394539
2024-05-31;6.0;890.0;1.8005417983314524
2024-06-30;6.0;414.1;0.3971408484295851
2024-07-31;6.0;344.35;0.19145222423194855
2024-08-31;6.0;391.33;0.32999346530442103
2012-01-31;7.0;6.37;-1.2410263659259397
2012-02-29;7.0;7.34;-1.2300755653159618
2012-03-31;7.0;99.06;-0.1946039859889804
2012-04-30;7.0;130.23;0.15728926660175221
2012-05-31;7.0;206.74;1.0210477765702146
2012-06-30;7.0;254.47;1.5598949034921161
2012-07-31;7.0;205.0;1.0014040723832438
2012-08-31;7.0;113.77;-0.028535659212924048
2012-09-30;7.0;86.63;-0.3349322865890064
2012-10-31;7.0;31.52;-0.9570958140280594
2012-11-30;7.0;14.6;-1.1481139030186016
2012-12-31;7.0;0.61;-1.3060538004759115
2013-01-31;7.0;7.61;-1.2270274043214318
2013-02-28;7.0;4.04;-1.2673308663602163
2013-03-31;7.0;38.06;-0.8832625810494455
2013-04-30;7.0;46.7;-0.7857214292244878
2013-05-31;7.0;247.13;1.4770300823815616
2013-06-30;7.0;207.77;1.032675946290088
2013-07-31;7.0;148.23;0.36049999957041406
2013-08-31;7.0;107.48;-0.09954652090030634
2013-09-30;7.0;52.53;-0.7199037307129713
2013-10-31;7.0;33.55;-0.9341781591432603
2013-11-30;7.0;52.33;-0.7221616277459565
2013-12-31;7.0;89.71;-0.3001606722810354
2014-01-31;7.0;10.19;-1.1979005325959238
2014-02-28;7.0;3.54;-1.2729756089426791
2014-03-31;7.0;42.74;-0.8304277904775934
2014-04-30;7.0;97.17;-0.2159411129506899
2014-05-31;7.0;147.06;0.34729130192745117
2014-06-30;7.0;185.73;0.7838556932551263
2014-07-31;7.0;122.65;0.07171496905161591
2014-08-31;7.0;64.23;-0.587816754283341
2014-09-30;7.0;20.9;-1.0769901464795697
2014-10-31;7.0;11.81;-1.1796115666287441
2014-11-30;7.0;9.0;-1.2113350199421853
2014-12-31;7.0;16.58;-1.1257607223920487
2015-01-31;7.0;42.74;-0.8304277904775934
2015-02-28;7.0;70.57;-0.5162414183377125
2015-03-31;7.0;49.13;-0.7582879802737186
2015-04-30;7.0;118.0;0.01921886303471153
2015-05-31;7.0;182.35;0.7456972333976776
2015-06-30;7.0;253.7;1.5512019999151232
2015-07-31;7.0;208.84;1.0447556954165584
2015-08-31;7.0;96.32;-0.2255371753408768
2015-09-30;7.0;39.73;-0.8644091408240199
2015-10-31;7.0;61.74;-0.615927572344006
2015-11-30;7.0;76.87;-0.44511766179868073
2015-12-31;7.0;100.65;-0.17665370457674856
2016-01-31;7.0;6.26;-1.2422682092940815
2016-02-29;7.0;6.28;-1.2420424195907829
2016-03-31;7.0;26.16;-1.017607454512061
2016-04-30;7.0;96.6;-0.22237611949469763
2016-05-31;7.0;215.52;1.1201694563182618
2016-06-30;7.0;186.4;0.7914196483156266
2016-07-31;7.0;108.29;-0.09040203791671654
2016-08-31;7.0;85.35;-0.34938282760011125
2016-09-30;7.0;95.7;-0.2325366561431306
2016-10-31;7.0;19.29;-1.0951662175951002
2016-11-30;7.0;9.03;-1.2109963353872375
2016-12-31;7.0;92.29;-0.27103380055552706
2017-01-31;7.0;156.42;0.4529608830711552
2017-02-28;7.0;76.57;-0.44850450734815855
2017-03-31;7.0;48.03;-0.7707064139551367
2017-04-30;7.0;157.03;0.45984746902176
2017-05-31;7.0;187.16;0.79999965704097
2017-06-30;7.0;338.1;2.504034547834849
2017-07-31;7.0;305.61;2.1372391748264143
2017-08-31;7.0;204.06;0.9907919563282137
2017-09-30;7.0;48.33;-0.7673195684056591
2017-10-31;7.0;29.84;-0.9760621491051344
2017-11-30;7.0;79.63;-0.413958682743486
2017-12-31;7.0;24.81;-1.0328482594847106
2018-01-31;7.0;2.29;-1.2870874653988362
2018-02-28;7.0;0.25;-1.3101180151352847
2018-03-31;7.0;2.13;-1.2888937830252245
2018-04-30;7.0;92.63;-0.26719537559945244
2018-05-31;7.0;308.32;2.167833679623363
2018-06-30;7.0;188.07;0.8102730885410523
2018-07-31;7.0;152.81;0.41220584162577373
2018-08-31;7.0;140.55;0.27379675350378524
2018-09-30;7.0;111.73;-0.0515662089493723
2018-10-31;7.0;243.77;1.4390974122274116
2018-11-30;7.0;56.0;-0.6807292171906792
2018-12-31;7.0;18.97;-1.0987788528478764
2019-01-31;7.0;162.52;0.521826742577202
2019-02-28;7.0;95.39;-0.2360363965442576
2019-03-31;7.0;79.97;-0.41012025778741124
2019-04-30;7.0;120.93;0.052297054567943785
2019-05-31;7.0;202.26;0.9704708830313474
2019-06-30;7.0;183.57;0.7594704052988869
2019-07-31;7.0;204.16;0.9919209048447062
2019-08-31;7.0;34.84;-0.9196147232805062
2019-09-30;7.0;168.47;0.5889991793085095
2019-10-31;7.0;45.61;-0.7980269680542569
2019-11-30;7.0;52.23;-0.7232905762624491
2019-12-31;7.0;53.87;-0.704775820591971
2020-01-31;7.0;226.29;1.241757211544511
2020-02-29;7.0;50.97;-0.7375153275702553
2020-03-31;7.0;52.19;-0.7237421556690461
2020-04-30;7.0;240.17;1.398455265633679
2020-05-31;7.0;254.94;1.5652009615196312
2020-06-30;7.0;383.97;3.021883232349989
2020-07-31;7.0;193.9;0.876090787052569
2020-08-31;7.0;155.9;0.44709035078539405
2020-09-30;7.0;206.87;1.0225154096416549
2020-10-31;7.0;48.52;-0.7651745662243231
2020-11-30;7.0;151.17;0.39369108595529545
2020-12-31;7.0;13.16;-1.1643707616560945
2021-01-31;7.0;12.65;-1.1701283990902065
2021-02-28;7.0;27.96;-0.9972863812151946
2021-03-31;7.0;169.87;0.6048044585394055
2021-04-30;7.0;213.0;1.091719953702649
2021-05-31;7.0;190.52;0.8379323271951203
2021-06-30;7.0;201.93;0.9667453529269221
2021-07-31;7.0;128.42;0.13685529845323674
2021-08-31;7.0;109.1;-0.08125755493312689
2021-09-30;7.0;163.17;0.5291649079344034
2021-10-31;7.0;186.42;0.791645438018925
2021-11-30;7.0;160.47;0.4986832979891042
2021-12-31;7.0;77.71;-0.4356344942601433
2022-01-31;7.0;143.52;0.30732652444361447
2022-02-28;7.0;63.54;-0.5956064990471398
2022-03-31;7.0;154.68;0.43331717888418475
2022-04-30;7.0;221.27;1.1850839960165844
2022-05-31;7.0;347.16;2.6063172834290755
2022-06-30;7.0;301.6;2.0919683393150628
2022-07-31;7.0;295.32;2.021070372479329
2022-08-31;7.0;251.48;1.5261393428489882
2022-09-30;7.0;85.87;-0.3435122953143498
2022-10-31;7.0;171.29;0.6208355274735997
2022-11-30;7.0;53.23;-0.7120010910975234
2022-12-31;7.0;16.94;-1.1216965077326755
2023-01-31;7.0;52.32;-0.7222745225976057
2023-02-28;7.0;184.25;0.7671472552110363
2023-03-31;7.0;107.19;-0.10282047159813486
2023-04-30;7.0;112.53;-0.042534620817431805
2023-05-31;7.0;256.26;1.580103081937333
2023-06-30;7.0;349.27;2.6301380971270683
2023-07-31;7.0;136.68;0.2301064459155229
2023-08-31;7.0;58.94;-0.6475381308057978
2023-09-30;7.0;139.43;0.26115253011906847
2023-10-31;7.0;160.29;0.49665119065941754
2023-11-30;7.0;12.47;-1.1721605064198932
2023-12-31;7.0;39.45;-0.8675701966701989
2024-01-31;7.0;70.32;-0.519063789628944
2024-02-29;7.0;45.14;-0.8033330260817719
2024-03-31;7.0;22.87;-1.0547498607046664
2024-04-30;7.0;110.7;-0.06319437866924574
2024-05-31;7.0;232.81;1.3153646548198263
2024-06-30;7.0;121.07;0.05387758249103323
2024-07-31;7.0;70.13;-0.5212087918102798
2024-08-31;7.0;122.13;0.06584443676585446
2012-01-31;8.0;20.96;-1.0040059708757743
2012-02-29;8.0;5.28;-1.0478632927330593
2012-03-31;8.0;132.39;-0.6923336893351315
2012-04-30;8.0;212.0;-0.46966268212477
2012-05-31;8.0;261.03;-0.3325246406284252
2012-06-30;8.0;701.63;0.8998437273766652
2012-07-31;8.0;662.65;0.7908157678105316
2012-08-31;8.0;460.48;0.2253416122054725
2012-09-30;8.0;338.23;-0.11659445903515912
2012-10-31;8.0;118.74;-0.7305130543448216
2012-11-30;8.0;60.63;-0.8930480653860741
2012-12-31;8.0;9.0;-1.0374583668842647
2013-01-31;8.0;7.32;-1.042157365654688
2013-02-28;8.0;13.46;-1.0249836439580218
2013-03-31;8.0;80.29;-0.8380585916798096
2013-04-30;8.0;52.83;-0.9148648453916113
2013-05-31;8.0;674.94;0.8251911814346412
2013-06-30;8.0;973.8;1.6611094984160326
2013-07-31;8.0;598.23;0.6106315411494153
2013-08-31;8.0;396.1;0.04526926646746136
2013-09-30;8.0;307.07;-0.2037496981342028
2013-10-31;8.0;192.71;-0.5236172572923102
2013-11-30;8.0;141.83;-0.6659297914822762
2013-12-31;8.0;324.58;-0.15477382404484938
2014-01-31;8.0;55.65;-0.9069772403126863
2014-02-28;8.0;4.21;-1.0508561074261267
2014-03-31;8.0;127.9;-0.7048923229537035
2014-04-30;8.0;175.17;-0.5726770420739927
2014-05-31;8.0;359.87;-0.056066879635181505
2014-06-30;8.0;920.33;1.5115526744549979
2014-07-31;8.0;1001.9;1.7397058468975197
2014-08-31;8.0;530.77;0.42194436433229443
2014-09-30;8.0;323.6;-0.1575149066609296
2014-10-31;8.0;112.52;-0.7479105378876988
2014-11-30;8.0;37.73;-0.9570998938638692
2014-12-31;8.0;36.97;-0.9592256314028703
2015-01-31;8.0;106.03;-0.7660632176615367
2015-02-28;8.0;161.25;-0.6116116033146437
2015-03-31;8.0;117.48;-0.7340373034226392
2015-04-30;8.0;181.4;-0.5552515883003392
2015-05-31;8.0;399.81;0.055646222085479646
2015-06-30;8.0;825.33;1.2458354820798647
2015-07-31;8.0;1136.35;2.115765599685273
2015-08-31;8.0;849.39;1.313131857327714
2015-09-30;8.0;364.03;-0.04443126363222841
2015-10-31;8.0;385.97;0.016935422691039294
2015-11-30;8.0;297.57;-0.2303214173717161
2015-12-31;8.0;295.19;-0.23697833229648257
2016-01-31;8.0;48.77;-0.9262207590868012
2016-02-29;8.0;30.34;-0.977769894407577
2016-03-31;8.0;38.68;-0.9544427219401179
2016-04-30;8.0;132.1;-0.693144826027645
2016-05-31;8.0;498.0;0.3302859180782618
2016-06-30;8.0;764.33;1.075217074344253
2016-07-31;8.0;790.65;1.148834721747553
2016-08-31;8.0;541.52;0.452012362416849
2016-09-30;8.0;454.67;0.20909090812442488
2016-10-31;8.0;234.97;-0.40541506203154054
2016-11-30;8.0;15.5;-1.0192777168796503
2016-12-31;8.0;210.48;-0.4739141572027722
2017-01-31;8.0;372.45;-0.020880329318558682
2017-02-28;8.0;337.79;-0.11782514918931764
2017-03-31;8.0;77.23;-0.8466174822973666
2017-04-30;8.0;182.67;-0.5516993689917453
2017-05-31;8.0;250.19;-0.3628443707899666
2017-06-30;8.0;1146.87;2.145190282461972
2017-07-31;8.0;1413.03;2.8896459448047658
2017-08-31;8.0;1002.65;1.7418036142057445
2017-09-30;8.0;393.67;0.0384725003888132
2017-10-31;8.0;155.58;-0.6274707241648226
2017-11-30;8.0;229.17;-0.4216377958818118
2017-12-31;8.0;39.13;-0.9531840615551831
2018-01-31;8.0;11.26;-1.031137094728814
2018-02-28;8.0;0.14;-1.062239991352093
2018-03-31;8.0;1.48;-1.0584919804280646
2018-04-30;8.0;88.17;-0.8160180498280617
2018-05-31;8.0;819.29;1.2289414626909614
2018-06-30;8.0;820.97;1.233640461461385
2018-07-31;8.0;832.1;1.26477132831544
2018-08-31;8.0;571.81;0.5367341914383518
2018-09-30;8.0;416.83;0.1032515548667929
2018-10-31;8.0;596.0;0.6043941796862937
2018-11-30;8.0;315.4;-0.18045049589752013
2018-12-31;8.0;129.13;-0.701451984568215
2019-01-31;8.0;144.26;-0.6591330254036281
2019-02-28;8.0;59.5;-0.8962087014637993
2019-03-31;8.0;89.45;-0.8124378602886916
2019-04-30;8.0;194.43;-0.5188063775987815
2019-05-31;8.0;585.94;0.5762561275253061
2019-06-30;8.0;1029.73;1.8175469991480453
2019-07-31;8.0;869.81;1.3702470685729793
2019-08-31;8.0;362.71;-0.048123334094703915
2019-09-30;8.0;409.53;0.08283328640007212
2019-10-31;8.0;115.29;-0.7401627839626553
2019-11-30;8.0;96.8;-0.7918797406680892
2019-12-31;8.0;103.35;-0.7735592395095933
2020-01-31;8.0;324.39;-0.15530525842959964
2020-02-29;8.0;84.93;-0.8250804045995926
2020-03-31;8.0;59.42;-0.8964324633100099
2020-04-30;8.0;194.53;-0.5185266752910181
2020-05-31;8.0;470.77;0.25412297967431574
2020-06-30;8.0;1612.43;3.447372346484782
2020-07-31;8.0;1155.77;2.170083787852906
2020-08-31;8.0;652.55;0.7625658347264385
2020-09-30;8.0;511.47;0.3679618189339781
2020-10-31;8.0;191.77;-0.5262464589852852
2020-11-30;8.0;321.43;-0.1635844467393932
2020-12-31;8.0;98.61;-0.7868171288975735
2021-01-31;8.0;24.74;-0.9934332236423216
2021-02-28;8.0;47.86;-0.9287660500874471
2021-03-31;8.0;182.16;-0.5531258507613381
2021-04-30;8.0;297.0;-0.23191572052596687
2021-05-31;8.0;468.19;0.2469066601340227
2021-06-30;8.0;1142.27;2.1323239763048605
2021-07-31;8.0;873.77;1.381323279960406
2021-08-31;8.0;457.87;0.2180413819728504
2021-09-30;8.0;449.23;0.1938751025821015
2021-10-31;8.0;321.1;-0.16450746435501204
2021-11-30;8.0;331.27;-0.13606173965548476
2021-12-31;8.0;61.42;-0.8908384171547439
2022-01-31;8.0;163.19;-0.6061853785440358
2022-02-28;8.0;48.79;-0.9261648186252485
2022-03-31;8.0;153.55;-0.6331486810124176
2022-04-30;8.0;233.67;-0.40905119203246343
2022-05-31;8.0;773.1;1.0997469667350943
2022-06-30;8.0;1328.8;2.6540526909757403
2022-07-31;8.0;1223.29;2.3589387860546847
2022-08-31;8.0;784.77;1.132388226051071
2022-09-30;8.0;384.6;0.013103501074682103
2022-10-31;8.0;400.9;0.058694977240099526
2022-11-30;8.0;227.03;-0.4276234252679464
2022-12-31;8.0;74.58;-0.854029593453094
2023-01-31;8.0;68.23;-0.8717906899960634
2023-02-28;8.0;161.21;-0.611723484237749
2023-03-31;8.0;101.68;-0.7782302680492402
2023-04-30;8.0;91.17;-0.8076269805951628
2023-05-31;8.0;553.71;0.48610807373319515
2023-06-30;8.0;1324.67;2.6425009856651163
2023-07-31;8.0;909.61;1.4815685870627724
2023-08-31;8.0;513.84;0.3745907636279683
2023-09-30;8.0;406.23;0.07360311024388341
2023-10-31;8.0;362.39;-0.04901838147954645
2023-11-30;8.0;86.37;-0.8210526913678011
2023-12-31;8.0;69.9;-0.8671196614564162
2024-01-31;8.0;63.94;-0.8837899189991089
2024-02-29;8.0;35.21;-0.9641483920195044
2024-03-31;8.0;44.74;-0.937492762089662
2024-04-30;8.0;73.77;-0.8562951821459768
2024-05-31;8.0;670.65;0.8131919524315955
2024-06-30;8.0;968.1;1.6451664668735253
2024-07-31;8.0;893.58;1.4367323071283158
2024-08-31;8.0;640.47;0.7287777959486323
2012-01-31;9.0;0.56;-0.6734235328006001
2012-02-29;9.0;2.66;-0.6507840146168912
2012-03-31;9.0;6.84;-0.605720592708366
2012-04-30;9.0;5.13;-0.6241556289436717
2012-05-31;9.0;26.03;-0.3988385194010454
2012-06-30;9.0;176.17;1.2197792235046918
2012-07-31;9.0;156.68;1.0096629333139844
2012-08-31;9.0;63.81;0.00845719344682163
2012-09-30;9.0;6.5;-0.6093860385095379
2012-10-31;9.0;0.16;-0.6777358219784494
2012-11-30;9.0;1.2;-0.6665238701160412
2012-12-31;9.0;0.0;-0.6794607376495891
2013-01-31;9.0;0.0;-0.6794607376495891
2013-02-28;9.0;1.79;-0.6601632435787135
2013-03-31;9.0;6.94;-0.6046425204139037
2013-04-30;9.0;4.93;-0.6263117735325964
2013-05-31;9.0;118.52;0.5982705457471605
2013-06-30;9.0;300.23;2.5572357120146547
2013-07-31;9.0;107.16;0.47580153309624024
2013-08-31;9.0;26.32;-0.3957121097471047
2013-09-30;9.0;9.83;-0.5734862311039424
2013-10-31;9.0;6.71;-0.607122086691167
2013-11-30;9.0;3.4;-0.6428062796378701
2013-12-31;9.0;15.84;-0.5086940862067566
2014-01-31;9.0;5.45;-0.6207057976013922
2014-02-28;9.0;1.68;-0.6613491231026221
2014-03-31;9.0;8.48;-0.5880402070791838
2014-04-30;9.0;9.7;-0.5748877250867435
2014-05-31;9.0;44.55;-0.19917953046662257
2014-06-30;9.0;318.97;2.759266459996895
2014-07-31;9.0;379.9;3.41613590901279
2014-08-31;9.0;71.9;0.0956732420688239
2014-09-30;9.0;30.2;-0.3538829047219665
2014-10-31;9.0;11.97;-0.5504154840024487
2014-11-30;9.0;2.4;-0.6535870025824932
2014-12-31;9.0;7.52;-0.5983897011060221
2015-01-31;9.0;9.68;-0.5751033395456359
2015-02-28;9.0;10.39;-0.5674490262549533
2015-03-31;9.0;9.03;-0.582110809459641
2015-04-30;9.0;11.37;-0.5568839177692226
2015-05-31;9.0;46.61;-0.1769712412006986
2015-06-30;9.0;215.2;1.640550840033338
2015-07-31;9.0;305.48;2.6138345074739266
2015-08-31;9.0;127.65;0.696698546231571
2015-09-30;9.0;16.37;-0.5029803030461062
2015-10-31;9.0;49.74;-0.14322757838402775
2015-11-30;9.0;30.53;-0.35032526615024073
2015-12-31;9.0;13.58;-0.5330585200616051
2016-01-31;9.0;3.26;-0.6443155808501173
2016-02-29;9.0;0.72;-0.6716986171294603
2016-03-31;9.0;2.55;-0.6519698941407998
2016-04-30;9.0;1.83;-0.6597320146609286
2016-05-31;9.0;66.81;0.040799362280691434
2016-06-30;9.0;141.17;0.8424539204428774
2016-07-31;9.0;149.48;0.9320417281126968
2016-08-31;9.0;62.97;-0.0005986138266619518
2016-09-30;9.0;11.17;-0.5590400623581472
2016-10-31;9.0;6.94;-0.6046425204139037
2016-11-30;9.0;0.0;-0.6794607376495891
2016-12-31;9.0;17.81;-0.4874560620058488
2017-01-31;9.0;25.65;-0.4029351941200023
2017-02-28;9.0;20.57;-0.4577012666786885
2017-03-31;9.0;2.19;-0.6558509544008642
2017-04-30;9.0;2.6;-0.6514308579935686
2017-05-31;9.0;19.97;-0.46416970044546246
2017-06-30;9.0;207.03;1.552472333575766
2017-07-31;9.0;416.42;3.809847910950432
2017-08-31;9.0;245.77;1.9701175404504714
2017-09-30;9.0;9.53;-0.5767204479873294
2017-10-31;9.0;0.9;-0.6697580869994282
2017-11-30;9.0;3.53;-0.641404785655069
2017-12-31;9.0;2.0;-0.6578992917603426
2018-01-31;9.0;0.9;-0.6697580869994282
2018-02-28;9.0;0.0;-0.6794607376495891
2018-03-31;9.0;0.0;-0.6794607376495891
2018-04-30;9.0;1.93;-0.6586539423664662
2018-05-31;9.0;155.39;0.9957558007154202
2018-06-30;9.0;170.3;1.1564963798197534
2018-07-31;9.0;396.77;3.5980067050885847
2018-08-31;9.0;163.1;1.0788751746184657
2018-09-30;9.0;13.3;-0.5360771224860996
2018-10-31;9.0;20.42;-0.459318375120382
2018-11-30;9.0;3.53;-0.641404785655069
2018-12-31;9.0;1.19;-0.6666316773454875
2019-01-31;9.0;9.32;-0.5789843998057003
2019-02-28;9.0;27.93;-0.37835514580626123
2019-03-31;9.0;14.42;-0.5240027127881216
2019-04-30;9.0;45.0;-0.19432820514154206
2019-05-31;9.0;50.19;-0.13837625305894732
2019-06-30;9.0;181.4;1.2761624045050717
2019-07-31;9.0;144.87;0.8823425953379836
2019-08-31;9.0;17.77;-0.4878872909236336
2019-09-30;9.0;16.97;-0.4965118692793323
2019-10-31;9.0;2.68;-0.6505684001579988
2019-11-30;9.0;1.43;-0.6640443038387779
2019-12-31;9.0;23.61;-0.42492786892703377
2020-01-31;9.0;26.9;-0.3894592904392232
2020-02-29;9.0;0.0;-0.6794607376495891
2020-03-31;9.0;2.65;-0.6508918218463374
2020-04-30;9.0;5.23;-0.6230775566492095
2020-05-31;9.0;61.65;-0.014829168113564668
2020-06-30;9.0;315.5;2.7218573513790516
2020-07-31;9.0;181.84;1.2809059226007058
2020-08-31;9.0;98.94;0.387183990491437
2020-09-30;9.0;68.97;0.06408572384107765
2020-10-31;9.0;2.13;-0.6564977977775415
2020-11-30;9.0;19.37;-0.47063813421223644
2020-12-31;9.0;1.03;-0.6683565930166271
2021-01-31;9.0;0.84;-0.6704049303761055
2021-02-28;9.0;0.89;-0.6698658942288744
2021-03-31;9.0;51.97;-0.1191865662175179
2021-04-30;9.0;29.4;-0.36250748307766506
2021-05-31;9.0;49.16;-0.1494803976919093
2021-06-30;9.0;191.77;1.387958501440815
2021-07-31;9.0;246.29;1.9757235163816753
2021-08-31;9.0;81.39;0.19798230281329865
2021-09-30;9.0;53.83;-0.09913442154051863
2021-10-31;9.0;27.42;-0.3838533145080191
2021-11-30;9.0;20.77;-0.45554512208976383
2021-12-31;9.0;4.52;-0.6307318699398919
2022-01-31;9.0;23.55;-0.42557471230371113
2022-02-28;9.0;0.79;-0.6709439665233368
2022-03-31;9.0;41.81;-0.22871871133489027
2022-04-30;9.0;25.73;-0.40207273628443246
2022-05-31;9.0;144.87;0.8823425953379836
2022-06-30;9.0;222.87;1.7232389850185985
2022-07-31;9.0;229.55;1.795254214288682
2022-08-31;9.0;129.58;0.717505341514694
2022-09-30;9.0;57.43;-0.060323818939874846
2022-10-31;9.0;31.06;-0.34461148298959043
2022-11-30;9.0;15.47;-0.5126829536962672
2022-12-31;9.0;0.81;-0.6707283520644443
2023-01-31;9.0;3.81;-0.6383861832305744
2023-02-28;9.0;6.54;-0.608954809591753
2023-03-31;9.0;0.74;-0.6714830026705678
2023-04-30;9.0;11.53;-0.5551590020980828
2023-05-31;9.0;88.74;0.2772206164562796
2023-06-30;9.0;284.9;2.3919672292735794
2023-07-31;9.0;198.52;1.460728381317022
2023-08-31;9.0;97.84;0.3753251952523514
2023-09-30;9.0;42.97;-0.21621307271912732
2023-10-31;9.0;11.74;-0.552895050279712
2023-11-30;9.0;1.93;-0.6586539423664662
2023-12-31;9.0;2.9;-0.6481966411101816
2024-01-31;9.0;3.26;-0.6443155808501173
2024-02-29;9.0;1.31;-0.6653379905921326
2024-03-31;9.0;0.52;-0.673854761718385
2024-04-30;9.0;2.07;-0.6571446411542189
2024-05-31;9.0;110.87;0.5157980152207926
2024-06-30;9.0;200.9;1.4863865019252254
2024-07-31;9.0;233.03;1.8327711301359708
2024-08-31;9.0;140.73;0.8377104023472431
2012-01-31;10.0;0.56;-0.6494164875841153
2012-02-29;10.0;0.03;-0.6542630947862409
2012-03-31;10.0;2.97;-0.6273781416272803
2012-04-30;10.0;4.33;-0.6149415646557883
2012-05-31;10.0;51.35;-0.18496520495023516
2012-06-30;10.0;269.3;1.8080877001502607
2012-07-31;10.0;194.58;1.1248075300694667
2012-08-31;10.0;51.65;-0.18222184238299433
2012-09-30;10.0;18.13;-0.48874688656270815
2012-10-31;10.0;11.81;-0.5465403913125825
2012-11-30;10.0;0.8;-0.6472217975303227
2012-12-31;10.0;0.74;-0.6477704700437709
2013-01-31;10.0;1.26;-0.6430153082605532
2013-02-28;10.0;1.14;-0.6441126532874496
2013-03-31;10.0;2.16;-0.6347852205588307
2013-04-30;10.0;4.03;-0.6176849272230293
2013-05-31;10.0;212.26;1.2864830306988622
2013-06-30;10.0;380.87;2.828344238907142
2013-07-31;10.0;150.94;0.7257397219548273
2013-08-31;10.0;32.87;-0.3539563390922731
2013-09-30;10.0;16.27;-0.5057557344796015
2013-10-31;10.0;11.13;-0.5527586797983285
2013-11-30;10.0;0.13;-0.6533486405971607
2013-12-31;10.0;0.52;-0.6497822692597475
2014-01-31;10.0;0.42;-0.6506967234488278
2014-02-28;10.0;0.0;-0.654537431042965
2014-03-31;10.0;3.48;-0.6227144252629708
2014-04-30;10.0;7.43;-0.5865934847942993
2014-05-31;10.0;87.48;0.14542709356447425
2014-06-30;10.0;380.73;2.82706400304243
2014-07-31;10.0;320.29;2.2743678911623015
2014-08-31;10.0;50.81;-0.18990325757126872
2014-09-30;10.0;17.33;-0.49606252007535045
2014-10-31;10.0;10.71;-0.5565993873924657
2014-11-30;10.0;1.0;-0.6453928891521621
2014-12-31;10.0;0.35;-0.651336841381184
2015-01-31;10.0;0.13;-0.6533486405971607
2015-02-28;10.0;0.04;-0.6541716493673329
2015-03-31;10.0;1.26;-0.6430153082605532
2015-04-30;10.0;11.5;-0.5493751992987315
2015-05-31;10.0;69.45;-0.01944899672670235
2015-06-30;10.0;235.5;1.499002184241122
2015-07-31;10.0;239.35;1.5342086705207132
2015-08-31;10.0;91.71;0.1841085057625705
2015-09-30;10.0;19.0;-0.48079113511770954
2015-10-31;10.0;23.42;-0.4403722599603606
2015-11-30;10.0;11.77;-0.5469061729882146
2015-12-31;10.0;5.77;-0.6017734243330322
2016-01-31;10.0;1.26;-0.6430153082605532
2016-02-29;10.0;0.21;-0.6526170772458965
2016-03-31;10.0;1.61;-0.6398147185987723
2016-04-30;10.0;13.53;-0.5308117792604015
2016-05-31;10.0;133.39;0.565253011771236
2016-06-30;10.0;263.53;1.7553236934403276
2016-07-31;10.0;206.9;1.2374682861641586
2016-08-31;10.0;75.52;0.03605837255047129
2016-09-30;10.0;27.7;-0.40123362066772417
2016-10-31;10.0;14.87;-0.5185580931267256
2016-11-30;10.0;0.57;-0.6493250421652074
2016-12-31;10.0;6.52;-0.59491501791493
2017-01-31;10.0;14.45;-0.5223988007208628
2017-02-28;10.0;19.29;-0.4781392179693767
2017-03-31;10.0;5.0;-0.6088147215889503
2017-04-30;10.0;7.07;-0.5898855198749884
2017-05-31;10.0;29.97;-0.3804755105756016
2017-06-30;10.0;323.4;2.302807416442698
2017-07-31;10.0;381.13;2.8307218197987507
2017-08-31;10.0;171.13;0.9103680227301382
2017-09-30;10.0;23.07;-0.44357284962214166
2017-10-31;10.0;8.61;-0.5758029253631518
2017-11-30;10.0;1.37;-0.642009408652565
2017-12-31;10.0;0.06;-0.6539887585295168
2018-01-31;10.0;0.06;-0.6539887585295168
2018-02-28;10.0;0.0;-0.654537431042965
2018-03-31;10.0;0.0;-0.654537431042965
2018-04-30;10.0;6.2;-0.5978412713199869
2018-05-31;10.0;171.84;0.9168606474726083
2018-06-30;10.0;175.7;0.9521585791711075
2018-07-31;10.0;237.19;1.5144564600365789
2018-08-31;10.0;60.74;-0.09909795659559577
2018-09-30;10.0;17.17;-0.49752564677787886
2018-10-31;10.0;14.84;-0.5188324293834496
2018-11-30;10.0;7.23;-0.5884223931724598
2018-12-31;10.0;1.06;-0.6448442166387138
2019-01-31;10.0;7.81;-0.5831185588757942
2019-02-28;10.0;27.79;-0.4004106118975519
2019-03-31;10.0;11.58;-0.5486436359474672
2019-04-30;10.0;79.77;0.07492267558638369
2019-05-31;10.0;164.19;0.846904902007966
2019-06-30;10.0;300.3;2.091568498765151
2019-07-31;10.0;175.94;0.9543532692249003
2019-08-31;10.0;34.26;-0.34124542586405704
2019-09-30;10.0;25.8;-0.4186082502602497
2019-10-31;10.0;21.42;-0.4586613437419665
2019-11-30;10.0;12.2;-0.5429740199751694
2019-12-31;10.0;15.45;-0.5132542588300599
2020-01-31;10.0;5.35;-0.6056141319271694
2020-02-29;10.0;5.79;-0.6015905334952161
2020-03-31;10.0;3.16;-0.6256406786680277
2020-04-30;10.0;7.03;-0.5902513015506204
2020-05-31;10.0;55.13;-0.15039883660300013
2020-06-30;10.0;508.47;3.9951877841735945
2020-07-31;10.0;286.45;1.9649165935775306
2020-08-31;10.0;176.84;0.9625833569266229
2020-09-30;10.0;75.87;0.03925896221225239
2020-10-31;10.0;42.81;-0.2630595926976921
2020-11-30;10.0;10.5;-0.5585197411895343
2020-12-31;10.0;11.26;-0.5515698893525242
2021-01-31;10.0;9.94;-0.563640684648384
2021-02-28;10.0;16.07;-0.5075846428577621
2021-03-31;10.0;14.55;-0.5214843465317825
2021-04-30;10.0;12.6;-0.5393162032188482
2021-05-31;10.0;81.84;0.0938518773003458
2021-06-30;10.0;363.73;2.6716067908987804
2021-07-31;10.0;244.61;1.5823089608663368
2021-08-31;10.0;56.1;-0.14152863096892132
2021-09-30;10.0;60.7;-0.09946373827122788
2021-10-31;10.0;24.03;-0.43479408940697084
2021-11-30;10.0;14.93;-0.5180094206132774
2021-12-31;10.0;18.45;-0.4858206331576511
2022-01-31;10.0;4.65;-0.6120153112507314
2022-02-28;10.0;3.96;-0.6183250451553854
2022-03-31;10.0;24.32;-0.43214217225863805
2022-04-30;10.0;33.27;-0.3502985223359519
2022-05-31;10.0;150.68;0.7233621410632186
2022-06-30;10.0;319.33;2.2655891309471303
2022-07-31;10.0;253.45;1.6631467111810343
2022-08-31;10.0;87.71;0.14753033819935885
2022-09-30;10.0;51.23;-0.18606254997713156
2022-10-31;10.0;26.42;-0.4129386342879519
2022-11-30;10.0;12.13;-0.5436141379075256
2022-12-31;10.0;1.26;-0.6430153082605532
2023-01-31;10.0;0.61;-0.6489592604895752
2023-02-28;10.0;0.89;-0.6463987887601503
2023-03-31;10.0;0.42;-0.6506967234488278
2023-04-30;10.0;3.23;-0.6250005607356716
2023-05-31;10.0;177.68;0.9702647721148974
2023-06-30;10.0;354.87;2.590586149746266
2023-07-31;10.0;127.19;0.5085568520482581
2023-08-31;10.0;33.23;-0.35066430401158405
2023-09-30;10.0;34.77;-0.33658170949974753
2023-10-31;10.0;36.23;-0.3232306783391753
2023-11-30;10.0;3.97;-0.6182335997364774
2023-12-31;10.0;1.32;-0.6424666357471052
2024-01-31;10.0;8.71;-0.5748884711740716
2024-02-29;10.0;6.76;-0.5927203278611372
2024-03-31;10.0;2.65;-0.6303043950323372
2024-04-30;10.0;6.27;-0.5972011533876307
2024-05-31;10.0;288.61;1.9846688040616651
2024-06-30;10.0;339.53;2.450308877141349
2024-07-31;10.0;48.06;-0.21505074777097674
2024-08-31;10.0;22.6;-0.44787078431081906
2012-01-31;11.0;0.0;-0.4892366202766833
2012-02-29;11.0;0.0;-0.4892366202766833
2012-03-31;11.0;0.03;-0.4889586979073606
2012-04-30;11.0;0.0;-0.4892366202766833
2012-05-31;11.0;30.03;-0.21103632858461682
2012-06-30;11.0;196.63;1.3323592290543533
2012-07-31;11.0;63.74;0.1012557737443729
2012-08-31;11.0;14.0;-0.35953951459273625
2012-09-30;11.0;2.67;-0.4645015294069591
2012-10-31;11.0;0.42;-0.48534570710616487
2012-11-30;11.0;0.0;-0.4892366202766833
2012-12-31;11.0;0.0;-0.4892366202766833
2013-01-31;11.0;0.06;-0.4886807755380378
2013-02-28;11.0;0.07;-0.48858813474826357
2013-03-31;11.0;0.0;-0.4892366202766833
2013-04-30;11.0;0.2;-0.48738380448119833
2013-05-31;11.0;162.48;1.0159909319752967
2013-06-30;11.0;354.57;2.7955278627488247
2013-07-31;11.0;37.55;-0.14137045467438242
2013-08-31;11.0;9.42;-0.40196899630934174
2013-09-30;11.0;1.63;-0.47413617154348087
2013-10-31;11.0;1.26;-0.47756388076512807
2013-11-30;11.0;0.0;-0.4892366202766833
2013-12-31;11.0;0.0;-0.4892366202766833
2014-01-31;11.0;0.0;-0.4892366202766833
2014-02-28;11.0;0.0;-0.4892366202766833
2014-03-31;11.0;0.13;-0.48803229000961806
2014-04-30;11.0;0.33;-0.48617947421413316
2014-05-31;11.0;24.13;-0.26569439455142313
2014-06-30;11.0;351.33;2.7655122468619684
2014-07-31;11.0;325.26;2.523997707920504
2014-08-31;11.0;35.65;-0.1589722047314895
2014-09-30;11.0;3.47;-0.4570902662250193
2014-10-31;11.0;0.1;-0.48831021237894084
2014-11-30;11.0;0.03;-0.4889586979073606
2014-12-31;11.0;0.0;-0.4892366202766833
2015-01-31;11.0;0.0;-0.4892366202766833
2015-02-28;11.0;0.0;-0.4892366202766833
2015-03-31;11.0;0.29;-0.4865500373732301
2015-04-30;11.0;0.13;-0.48803229000961806
2015-05-31;11.0;32.77;-0.18565275218647287
2015-06-30;11.0;114.97;0.575854539757845
2015-07-31;11.0;89.26;0.33767506924825363
2015-08-31;11.0;24.23;-0.2647679866536806
2015-09-30;11.0;1.97;-0.4709863846911565
2015-10-31;11.0;3.35;-0.45820195570231026
2015-11-30;11.0;4.33;-0.449123158304434
2015-12-31;11.0;0.06;-0.4886807755380378
2016-01-31;11.0;0.0;-0.4892366202766833
2016-02-29;11.0;0.0;-0.4892366202766833
2016-03-31;11.0;0.0;-0.4892366202766833
2016-04-30;11.0;0.47;-0.4848825031572937
2016-05-31;11.0;126.52;0.6828546519471013
2016-06-30;11.0;127.63;0.6931377796120428
2016-07-31;11.0;66.74;0.12904801067664723
2016-08-31;11.0;22.32;-0.28246237750056197
2016-09-30;11.0;2.13;-0.4695041320547685
2016-10-31;11.0;3.55;-0.45634913990682535
2016-11-30;11.0;0.0;-0.4892366202766833
2016-12-31;11.0;0.42;-0.48534570710616487
2017-01-31;11.0;0.48;-0.4847898623675194
2017-02-28;11.0;0.64;-0.48330760973113146
2017-03-31;11.0;0.03;-0.4889586979073606
2017-04-30;11.0;0.23;-0.48710588211187567
2017-05-31;11.0;5.87;-0.4348564766791998
2017-06-30;11.0;280.27;2.107206794726163
2017-07-31;11.0;244.32;1.7741631554877415
2017-08-31;11.0;35.26;-0.1625851955326852
2017-09-30;11.0;2.53;-0.46579850046379856
2017-10-31;11.0;75.1;0.20649571092791846
2017-11-30;11.0;0.0;-0.4892366202766833
2017-12-31;11.0;0.0;-0.4892366202766833
2018-01-31;11.0;0.0;-0.4892366202766833
2018-02-28;11.0;0.0;-0.4892366202766833
2018-03-31;11.0;0.0;-0.4892366202766833
2018-04-30;11.0;0.0;-0.4892366202766833
2018-05-31;11.0;92.9;0.37139631672607987
2018-06-30;11.0;41.87;-0.10134963349190731
2018-07-31;11.0;46.19;-0.06132881230943222
2018-08-31;11.0;20.42;-0.30006412755766904
2018-09-30;11.0;0.77;-0.48210327946406617
2018-10-31;11.0;0.19;-0.4874764452709726
2018-11-30;11.0;0.2;-0.48738380448119833
2018-12-31;11.0;0.0;-0.4892366202766833
2019-01-31;11.0;0.0;-0.4892366202766833
2019-02-28;11.0;0.68;-0.48293704657203446
2019-03-31;11.0;0.29;-0.4865500373732301
2019-04-30;11.0;40.8;-0.11126219799775185
2019-05-31;11.0;77.35;0.22733988862712426
2019-06-30;11.0;276.67;2.0738561104074336
2019-07-31;11.0;169.97;1.0853788835162084
2019-08-31;11.0;28.39;-0.22622941810759348
2019-09-30;11.0;27.67;-0.23289955497133932
2019-10-31;11.0;13.42;-0.3649126803996426
2019-11-30;11.0;0.0;-0.4892366202766833
2019-12-31;11.0;0.0;-0.4892366202766833
2020-01-31;11.0;0.0;-0.4892366202766833
2020-02-29;11.0;0.0;-0.4892366202766833
2020-03-31;11.0;0.0;-0.4892366202766833
2020-04-30;11.0;0.37;-0.48580891105503615
2020-05-31;11.0;24.74;-0.26004330637519396
2020-06-30;11.0;524.0;4.3651407638939075
2020-07-31;11.0;392.32;3.1452468441466106
2020-08-31;11.0;138.74;0.7960616970512323
2020-09-30;11.0;17.07;-0.33109879213204213
2020-10-31;11.0;8.16;-0.413641735820897
2020-11-30;11.0;1.83;-0.47228335574799596
2020-12-31;11.0;0.0;-0.4892366202766833
2021-01-31;11.0;0.0;-0.4892366202766833
2021-02-28;11.0;0.0;-0.4892366202766833
2021-03-31;11.0;0.35;-0.4859941926345846
2021-04-30;11.0;1.9;-0.47163487021957623
2021-05-31;11.0;22.81;-0.2779229788016238
2021-06-30;11.0;479.93;3.9568728033587965
2021-07-31;11.0;254.42;1.8677303531597322
2021-08-31;11.0;43.48;-0.08643446633825341
2021-09-30;11.0;41.2;-0.10755656640678188
2021-10-31;11.0;3.23;-0.45931364517960127
2021-11-30;11.0;0.17;-0.48766172685052106
2021-12-31;11.0;0.0;-0.4892366202766833
2022-01-31;11.0;0.1;-0.48831021237894084
2022-02-28;11.0;0.0;-0.4892366202766833
2022-03-31;11.0;1.29;-0.47728595839580534
2022-04-30;11.0;5.07;-0.4422677398611396
2022-05-31;11.0;97.74;0.41623445897681577
2022-06-30;11.0;343.33;2.69139961504257
2022-07-31;11.0;314.58;2.4250573444416075
2022-08-31;11.0;86.71;0.3140516678558203
2022-09-30;11.0;30.3;-0.20853502726071213
2022-10-31;11.0;2.68;-0.4644088886171849
2022-11-30;11.0;0.7;-0.48275176499248595
2022-12-31;11.0;0.0;-0.4892366202766833
2023-01-31;11.0;0.0;-0.4892366202766833
2023-02-28;11.0;0.04;-0.48886605711758635
2023-03-31;11.0;0.03;-0.4889586979073606
2023-04-30;11.0;2.37;-0.4672807531001866
2023-05-31;11.0;160.74;0.9998714345545777
2023-06-30;11.0;297.1;2.2631212439162223
2023-07-31;11.0;132.0;0.7336218047433891
2023-08-31;11.0;20.74;-0.2970996222848932
2023-09-30;11.0;16.63;-0.33517498688210906
2023-10-31;11.0;5.87;-0.4348564766791998
2023-11-30;11.0;0.03;-0.4889586979073606
2023-12-31;11.0;0.0;-0.4892366202766833
2024-01-31;11.0;0.0;-0.4892366202766833
2024-02-29;11.0;0.0;-0.4892366202766833
2024-03-31;11.0;0.0;-0.4892366202766833
2024-04-30;11.0;0.0;-0.4892366202766833
2024-05-31;11.0;224.58;1.5912902364733765
2024-06-30;11.0;498.13;4.125479040747928
2024-07-31;11.0;85.94;0.30691832704320327
2024-08-31;11.0;26.87;-0.24031081815327915
2012-01-31;12.0;0.0;-0.42736918637726584
2012-02-29;12.0;0.0;-0.42736918637726584
2012-03-31;12.0;0.0;-0.42736918637726584
2012-04-30;12.0;0.0;-0.42736918637726584
2012-05-31;12.0;84.1;0.21350736850142651
2012-06-30;12.0;162.63;0.811938234787083
2012-07-31;12.0;29.87;-0.1997475134375923
2012-08-31;12.0;20.68;-0.26977908941066225
2012-09-30;12.0;19.87;-0.2759516222222168
2012-10-31;12.0;5.16;-0.3880478662443996
2012-11-30;12.0;0.03;-0.42714057405091194
2012-12-31;12.0;0.0;-0.42736918637726584
2013-01-31;12.0;0.03;-0.42714057405091194
2013-02-28;12.0;0.0;-0.42736918637726584
2013-03-31;12.0;0.0;-0.42736918637726584
2013-04-30;12.0;0.03;-0.42714057405091194
2013-05-31;12.0;254.81;1.5143877095637521
2013-06-30;12.0;252.0;1.4929743549952728
2013-07-31;12.0;49.45;-0.05053986843729745
2013-08-31;12.0;26.84;-0.22283735839933355
2013-09-30;12.0;1.0;-0.41974877549880335
2013-10-31;12.0;2.16;-0.41090909887978694
2013-11-30;12.0;0.03;-0.42714057405091194
2013-12-31;12.0;0.0;-0.42736918637726584
2014-01-31;12.0;0.0;-0.42736918637726584
2014-02-28;12.0;0.0;-0.42736918637726584
2014-03-31;12.0;0.16;-0.42614992063671187
2014-04-30;12.0;0.23;-0.4256164918752195
2014-05-31;12.0;68.97;0.09821055191028961
2014-06-30;12.0;447.77;2.984822192671867
2014-07-31;12.0;88.94;0.2503901571531848
2014-08-31;12.0;27.58;-0.21719825434927134
2014-09-30;12.0;4.5;-0.39307733742418477
2014-10-31;12.0;0.29;-0.42515926722251174
2014-11-30;12.0;0.9;-0.4205108165866496
2014-12-31;12.0;0.03;-0.42714057405091194
2015-01-31;12.0;0.0;-0.42736918637726584
2015-02-28;12.0;0.0;-0.42736918637726584
2015-03-31;12.0;0.55;-0.4231779603941115
2015-04-30;12.0;1.57;-0.41540514129807976
2015-05-31;12.0;135.03;0.6016148945415193
2015-06-30;12.0;174.8;0.9046786351779712
2015-07-31;12.0;47.94;-0.0620466888637758
2015-08-31;12.0;28.71;-0.20858719005660875
2015-09-30;12.0;7.57;-0.36968267602730503
2015-10-31;12.0;6.58;-0.3772268827969829
2015-11-30;12.0;1.6;-0.41517652897172586
2015-12-31;12.0;0.0;-0.42736918637726584
2016-01-31;12.0;0.0;-0.42736918637726584
2016-02-29;12.0;0.0;-0.42736918637726584
2016-03-31;12.0;0.0;-0.42736918637726584
2016-04-30;12.0;1.7;-0.41441448788387963
2016-05-31;12.0;236.29;1.3732577000946273
2016-06-30;12.0;110.5;0.4146862156928353
2016-07-31;12.0;85.1;0.22112777937988895
2016-08-31;12.0;48.58;-0.05716962590155982
2016-09-30;12.0;12.53;-0.33188543807013127
2016-10-31;12.0;4.61;-0.39223909222755393
2016-11-30;12.0;0.0;-0.42736918637726584
2016-12-31;12.0;0.06;-0.42691196172455803
2017-01-31;12.0;0.0;-0.42736918637726584
2017-02-28;12.0;0.07;-0.42683575761577347
2017-03-31;12.0;0.0;-0.42736918637726584
2017-04-30;12.0;0.0;-0.42736918637726584
2017-05-31;12.0;11.87;-0.3369149092499165
2017-06-30;12.0;565.73;3.8837258598952986
2017-07-31;12.0;374.42;2.4258650547366463
2017-08-31;12.0;64.06;0.06079433449703899
2017-09-30;12.0;9.53;-0.35474667070551863
2017-10-31;12.0;0.87;-0.4207394289130035
2017-11-30;12.0;0.03;-0.42714057405091194
2017-12-31;12.0;0.0;-0.42736918637726584
2018-01-31;12.0;0.0;-0.42736918637726584
2018-02-28;12.0;0.0;-0.42736918637726584
2018-03-31;12.0;0.0;-0.42736918637726584
2018-04-30;12.0;0.0;-0.42736918637726584
2018-05-31;12.0;158.23;0.7784084269218482
2018-06-30;12.0;67.63;0.0879992013331499
2018-07-31;12.0;38.42;-0.13459300042673833
2018-08-31;12.0;39.42;-0.12697258954827587
2018-09-30;12.0;2.53;-0.4080895468547558
2018-10-31;12.0;1.19;-0.4183008974318955
2018-11-30;12.0;1.7;-0.41441448788387963
2018-12-31;12.0;0.03;-0.42714057405091194
2019-01-31;12.0;1.23;-0.417996080996757
2019-02-28;12.0;0.79;-0.42134906178328047
2019-03-31;12.0;2.13;-0.4111377112061408
2019-04-30;12.0;10.83;-0.3448401365635175
2019-05-31;12.0;147.19;0.6942790908236227
2019-06-30;12.0;359.43;2.3116350956684943
2019-07-31;12.0;53.55;-0.019296183835601433
2019-08-31;12.0;2.13;-0.4111377112061408
2019-09-30;12.0;28.93;-0.20691069966334702
2019-10-31;12.0;7.26;-0.3720450033996284
2019-11-30;12.0;0.0;-0.42736918637726584
2019-12-31;12.0;0.0;-0.42736918637726584
2020-01-31;12.0;0.06;-0.42691196172455803
2020-02-29;12.0;0.21;-0.42576890009278867
2020-03-31;12.0;0.1;-0.42660714528941956
2020-04-30;12.0;0.6;-0.42279693985018835
2020-05-31;12.0;13.16;-0.3270845792167
2020-06-30;12.0;552.17;3.780393088383347
2020-07-31;12.0;239.03;1.3941376259016145
2020-08-31;12.0;50.23;-0.04459594795209679
2020-09-30;12.0;23.6;-0.2475274896455519
2020-10-31;12.0;2.1;-0.41136632353249464
2020-11-30;12.0;1.77;-0.41388105912238726
2020-12-31;12.0;0.0;-0.42736918637726584
2021-01-31;12.0;7.03;-0.3737976979016748
2021-02-28;12.0;4.54;-0.3927725209890463
2021-03-31;12.0;0.97;-0.41997738782515726
2021-04-30;12.0;1.43;-0.4164719988210645
2021-05-31;12.0;27.74;-0.21597898860871736
2021-06-30;12.0;733.33;5.160906723125606
2021-07-31;12.0;100.87;0.34130165893324194
2021-08-31;12.0;3.39;-0.4015359934992781
2021-09-30;12.0;6.3;-0.3793605978429524
2021-10-31;12.0;3.42;-0.4013073811729242
2021-11-30;12.0;0.37;-0.42454963435223475
2021-12-31;12.0;0.9;-0.4205108165866496
2022-01-31;12.0;0.48;-0.42371138915560386
2022-02-28;12.0;0.11;-0.42653094118063495
2022-03-31;12.0;0.42;-0.42416861380831156
2022-04-30;12.0;1.03;-0.4195201631724495
2022-05-31;12.0;128.29;0.5502533252206824
2022-06-30;12.0;578.5;3.9810385068132637
2022-07-31;12.0;153.06;0.7390109026801974
2022-08-31;12.0;52.97;-0.023716022145109646
2022-09-30;12.0;18.4;-0.28715362621355667
2022-10-31;12.0;2.42;-0.4089277920513867
2022-11-30;12.0;0.17;-0.4260737165279272
2022-12-31;12.0;0.06;-0.42691196172455803
2023-01-31;12.0;0.9;-0.4205108165866496
2023-02-28;12.0;0.61;-0.42272073574140373
2023-03-31;12.0;0.61;-0.42272073574140373
2023-04-30;12.0;1.63;-0.414947916645372
2023-05-31;12.0;279.03;1.6989540610401126
2023-06-30;12.0;145.17;0.6788858608491285
2023-07-31;12.0;11.45;-0.3401154818188707
2023-08-31;12.0;10.35;-0.3484979337851794
2023-09-30;12.0;17.1;-0.2970601603555578
2023-10-31;12.0;9.71;-0.35337499674739536
2023-11-30;12.0;0.03;-0.42714057405091194
2023-12-31;12.0;1.0;-0.41974877549880335
2024-01-31;12.0;2.19;-0.41068048655343303
2024-02-29;12.0;1.76;-0.41395726323117193
2024-03-31;12.0;8.06;-0.36594867469685843
2024-04-30;12.0;1.53;-0.4157099577332182
2024-05-31;12.0;124.61;0.5222102131879406
2024-06-30;12.0;708.7;4.9732160031890755
2024-07-31;12.0;79.77;0.1805109893976841
2024-08-31;12.0;10.07;-0.3506316488311489
2012-01-31;13.0;1.04;-0.6965599289357526
2012-02-29;13.0;0.0;-0.7062195203097684
2012-03-31;13.0;0.74;-0.6993463495244111
2012-04-30;13.0;4.53;-0.6641445694210264
2012-05-31;13.0;141.61;0.6090638782232919
2012-06-30;13.0;178.63;0.9529081788637401
2012-07-31;13.0;127.06;0.4739224796733587
2012-08-31;13.0;84.94;0.08270902902571728
2012-09-30;13.0;37.67;-0.3563379750605602
2012-10-31;13.0;35.97;-0.37212769172962457
2012-11-30;13.0;3.7;-0.6718536663829814
2012-12-31;13.0;1.45;-0.6927518207979194
2013-01-31;13.0;2.94;-0.678912598540916
2013-02-28;13.0;0.64;-0.7002751563872972
2013-03-31;13.0;2.16;-0.686157292071428
2013-04-30;13.0;12.47;-0.5903973045078671
2013-05-31;13.0;342.65;2.476337195369584
2013-06-30;13.0;249.3;1.6092959888653742
2013-07-31;13.0;117.19;0.3822492423064969
2013-08-31;13.0;68.29;-0.07193731364482464
2013-09-30;13.0;13.43;-0.5814807586241602
2013-10-31;13.0;11.84;-0.5962487877440497
2013-11-30;13.0;1.87;-0.6888508319737976
2013-12-31;13.0;0.81;-0.6986961847203907
2014-01-31;13.0;1.0;-0.6969314516809071
2014-02-28;13.0;0.14;-0.7049191907017278
2014-03-31;13.0;3.81;-0.6708319788338066
2014-04-30;13.0;13.77;-0.5783228152903472
2014-05-31;13.0;195.1;1.105882669181087
2014-06-30;13.0;424.83;3.2396306752894124
2014-07-31;13.0;260.48;1.7131365961360445
2014-08-31;13.0;112.58;0.3394312459274459
2014-09-30;13.0;28.5;-0.4415095643872191
2014-10-31;13.0;9.77;-0.6154750898057928
2014-11-30;13.0;4.63;-0.6632157625581403
2014-12-31;13.0;1.58;-0.6915443718761675
2015-01-31;13.0;0.42;-0.7023185314856467
2015-02-28;13.0;0.36;-0.7028758156033784
2015-03-31;13.0;1.26;-0.6945165538374031
2015-04-30;13.0;33.63;-0.39386177232116015
2015-05-31;13.0;294.1;2.025401463438364
2015-06-30;13.0;182.93;0.9928468739678442
2015-07-31;13.0;145.94;0.6492812153862616
2015-08-31;13.0;112.74;0.3409173369080637
2015-09-30;13.0;27.73;-0.44866137723144234
2015-10-31;13.0;13.52;-0.5806448324475626
2015-11-30;13.0;2.5;-0.682999348737615
2015-12-31;13.0;0.68;-0.6999036336421427
2016-01-31;13.0;0.06;-0.7056622361920367
2016-02-29;13.0;0.17;-0.704640548642862
2016-03-31;13.0;1.29;-0.6942379117785372
2016-04-30;13.0;36.73;-0.36506875957168994
2016-05-31;13.0;350.16;2.5460905907723332
2016-06-30;13.0;193.53;1.0913004014337748
2016-07-31;13.0;146.29;0.652532039406363
2016-08-31;13.0;163.1;0.8086644730575229
2016-09-30;13.0;69.8;-0.05791233001524404
2016-10-31;13.0;8.68;-0.6255990846112518
2016-11-30;13.0;3.03;-0.6780766723643185
2016-12-31;13.0;1.55;-0.6918230139350333
2017-01-31;13.0;0.19;-0.7044547872702849
2017-02-28;13.0;0.07;-0.7055693555057483
2017-03-31;13.0;1.19;-0.6951667186414234
2017-04-30;13.0;2.0;-0.6876433830520458
2017-05-31;13.0;76.35;0.0029245195037979816
2017-06-30;13.0;591.07;4.783679204151329
2017-07-31;13.0;399.65;3.005757107214683
2017-08-31;13.0;179.1;0.957273571119305
2017-09-30;13.0;72.07;-0.03682841422772874
2017-10-31;13.0;20.23;-0.5183218919479027
2017-11-30;13.0;4.43;-0.6650733762839126
2017-12-31;13.0;0.16;-0.7047334293291507
2018-01-31;13.0;0.13;-0.7050120713880166
2018-02-28;13.0;0.07;-0.7055693555057483
2018-03-31;13.0;2.65;-0.6816061384432858
2018-04-30;13.0;6.23;-0.648354852751962
2018-05-31;13.0;278.0;1.8758635585136958
2018-06-30;13.0;120.63;0.41420019838978
2018-07-31;13.0;172.87;0.8994089035614986
2018-08-31;13.0;116.55;0.37630487838402554
2018-09-30;13.0;41.47;-0.32104331427088695
2018-10-31;13.0;11.81;-0.5965274298029155
2018-11-30;13.0;6.63;-0.6446396253004175
2018-12-31;13.0;1.39;-0.6933091049156511
2019-01-31;13.0;7.87;-0.6331224202006294
2019-02-28;13.0;3.46;-0.6740828028539081
2019-03-31;13.0;6.45;-0.6463114776536125
2019-04-30;13.0;43.13;-0.30562512034697703
2019-05-31;13.0;187.65;1.0366865578960698
2019-06-30;13.0;234.7;1.4736901868839978
2019-07-31;13.0;133.84;0.5368955849770389
2019-08-31;13.0;82.03;0.05568074931573069
2019-09-30;13.0;59.5;-0.15357943689251624
2019-10-31;13.0;41.94;-0.31667792201532213
2019-11-30;13.0;7.77;-0.6340512270635156
2019-12-31;13.0;3.19;-0.6765905813837007
2020-01-31;13.0;2.48;-0.6831851101101922
2020-02-29;13.0;2.07;-0.6869932182480255
2020-03-31;13.0;5.16;-0.6582930861848437
2020-04-30;13.0;20.8;-0.5130276928294517
2020-05-31;13.0;94.65;0.17289617541196137
2020-06-30;13.0;400.47;3.0133733234903497
2020-07-31;13.0;162.26;0.8008624954092792
2020-08-31;13.0;95.26;0.17856189727556682
2020-09-30;13.0;23.43;-0.4886000723355463
2020-10-31;13.0;17.06;-0.5477650695013933
2020-11-30;13.0;8.3;-0.629128550690219
2020-12-31;13.0;7.84;-0.6334010622594952
2021-01-31;13.0;8.71;-0.625320442552386
2021-02-28;13.0;3.96;-0.6694387685394775
2021-03-31;13.0;7.39;-0.6375806931424829
2021-04-30;13.0;30.4;-0.4238622339923825
2021-05-31;13.0;134.32;0.5413538579188922
2021-06-30;13.0;262.3;1.7300408810405723
2021-07-31;13.0;72.42;-0.033577590207627184
2021-08-31;13.0;63.84;-0.11326921904325782
2021-09-30;13.0;39.27;-0.341477065254382
2021-10-31;13.0;28.74;-0.4392804279162924
2021-11-30;13.0;48.77;-0.25324041328019886
2021-12-31;13.0;29.26;-0.4344506322292844
2022-01-31;13.0;16.39;-0.5539880754827304
2022-02-28;13.0;11.86;-0.5960630263714725
2022-03-31;13.0;12.65;-0.588725452154672
2022-04-30;13.0;47.53;-0.26475761837998696
2022-05-31;13.0;175.1;0.9201212966038594
2022-06-30;13.0;321.53;2.2801731859280316
2022-07-31;13.0;132.68;0.5261214253675598
2022-08-31;13.0;101.65;0.23791265581399104
2022-09-30;13.0;76.2;0.0015313092094688535
2022-10-31;13.0;33.0;-0.3997132555573429
2022-11-30;13.0;26.3;-0.46194331537071415
2022-12-31;13.0;27.52;-0.4506118716435033
2023-01-31;13.0;2.71;-0.6810488543255542
2023-02-28;13.0;2.57;-0.6823491839335948
2023-03-31;13.0;5.52;-0.6549493814784537
2023-04-30;13.0;19.07;-0.5290960515573819
2023-05-31;13.0;281.58;1.9091148442050194
2023-06-30;13.0;205.33;1.200899611254339
2023-07-31;13.0;140.84;0.6019120653790686
2023-08-31;13.0;143.19;0.6237390266568927
2023-09-30;13.0;45.3;-0.2854700114223479
2023-10-31;13.0;49.29;-0.24841061759319097
2023-11-30;13.0;21.8;-0.5037396242005904
2023-12-31;13.0;7.35;-0.6379522158876374
2024-01-31;13.0;3.48;-0.6738970414813308
2024-02-29;13.0;1.55;-0.6918230139350333
2024-03-31;13.0;7.19;-0.6394383068682552
2024-04-30;13.0;13.47;-0.5811092358790056
2024-05-31;13.0;208.61;1.2313644763570046
2024-06-30;13.0;372.6;2.7545148508039827
2024-07-31;13.0;160.13;0.7810789092298046
2024-08-31;13.0;110.4;0.31918325631652816
