PO;Brakkvannslag
1.0;101.96
1.0;132.93
1.0;481.19
1.0;306.47
1.0;1606.42
1.0;1370.1
1.0;1841.84
1.0;1255.55
1.0;362.6
1.0;270.13
1.0;366.3
1.0;115.81
1.0;156.42
1.0;74.5
1.0;31.26
1.0;273.73
1.0;2107.13
1.0;3254.0
1.0;1238.68
1.0;700.29
1.0;430.37
1.0;263.52
1.0;231.17
1.0;153.35
1.0;362.94
1.0;483.29
1.0;658.97
1.0;719.1
1.0;1836.77
1.0;2760.1
1.0;1474.45
1.0;1235.26
1.0;438.33
1.0;487.71
1.0;516.27
1.0;277.58
1.0;131.81
1.0;152.32
1.0;307.58
1.0;390.97
1.0;641.74
1.0;1506.87
1.0;1603.16
1.0;1426.26
1.0;1397.5
1.0;511.32
1.0;222.27
1.0;233.71
1.0;152.61
1.0;182.45
1.0;300.94
1.0;468.0
1.0;1197.29
1.0;2676.17
1.0;1626.68
1.0;593.9
1.0;490.97
1.0;117.23
1.0;84.7
1.0;98.61
1.0;153.87
1.0;164.46
1.0;262.35
1.0;313.17
1.0;1558.1
1.0;2218.63
1.0;762.65
1.0;921.81
1.0;710.87
1.0;563.0
1.0;249.73
1.0;133.87
1.0;193.9
1.0;183.0
1.0;36.19
1.0;1005.43
1.0;4120.03
1.0;3244.57
1.0;870.9
1.0;625.58
1.0;462.13
1.0;320.42
1.0;394.53
1.0;279.52
1.0;166.48
1.0;532.93
1.0;544.97
1.0;999.5
1.0;1064.13
1.0;1622.93
1.0;502.39
1.0;734.32
1.0;505.43
1.0;722.81
1.0;563.33
1.0;641.03
1.0;495.61
1.0;404.28
1.0;485.32
1.0;359.1
1.0;517.61
1.0;2405.5
1.0;1003.29
1.0;726.0
1.0;267.7
1.0;918.39
1.0;1030.07
1.0;944.1
1.0;372.26
1.0;369.57
1.0;507.77
1.0;295.77
1.0;1097.71
1.0;2888.17
1.0;1041.84
1.0;403.1
1.0;268.1
1.0;551.35
1.0;502.43
1.0;346.42
1.0;211.58
1.0;212.32
1.0;669.29
1.0;434.9
1.0;581.45
1.0;643.9
1.0;403.35
1.0;430.35
1.0;264.67
1.0;511.1
1.0;746.23
1.0;422.23
1.0;490.52
1.0;407.14
1.0;250.74
1.0;1336.0
1.0;1558.03
1.0;1747.63
1.0;1077.32
1.0;1740.68
1.0;2027.8
1.0;542.65
1.0;291.3
1.0;130.03
1.0;134.84
1.0;235.28
1.0;783.9
1.0;886.0
1.0;2772.39
1.0;2791.83
1.0;2017.16
1.0;1661.67
2.0;275.63
2.0;76.31
2.0;287.61
2.0;52.03
2.0;173.55
2.0;163.73
2.0;278.26
2.0;274.55
2.0;199.37
2.0;118.29
2.0;167.47
2.0;10.87
2.0;186.16
2.0;84.21
2.0;6.29
2.0;42.8
2.0;172.35
2.0;266.0
2.0;221.45
2.0;148.03
2.0;99.03
2.0;73.58
2.0;235.3
2.0;178.42
2.0;134.58
2.0;41.79
2.0;273.13
2.0;214.8
2.0;150.97
2.0;194.17
2.0;233.74
2.0;166.26
2.0;57.8
2.0;82.35
2.0;122.4
2.0;153.87
2.0;224.39
2.0;118.43
2.0;169.35
2.0;104.5
2.0;146.94
2.0;311.5
2.0;331.68
2.0;213.48
2.0;178.13
2.0;106.94
2.0;208.27
2.0;418.68
2.0;34.81
2.0;203.93
2.0;50.74
2.0;68.07
2.0;133.55
2.0;283.57
2.0;261.58
2.0;299.26
2.0;186.73
2.0;78.32
2.0;37.63
2.0;223.03
2.0;430.58
2.0;97.82
2.0;142.06
2.0;337.97
2.0;235.84
2.0;618.7
2.0;410.94
2.0;293.35
2.0;150.2
2.0;288.58
2.0;272.17
2.0;259.68
2.0;96.97
2.0;110.71
2.0;2.84
2.0;103.73
2.0;420.65
2.0;452.8
2.0;187.74
2.0;164.26
2.0;283.07
2.0;677.29
2.0;144.47
2.0;66.84
2.0;119.87
2.0;102.64
2.0;74.61
2.0;68.1
2.0;156.03
2.0;234.37
2.0;258.29
2.0;224.23
2.0;210.83
2.0;159.42
2.0;72.93
2.0;132.71
2.0;340.81
2.0;206.24
2.0;94.1
2.0;63.73
2.0;158.13
2.0;337.87
2.0;293.55
2.0;213.48
2.0;196.0
2.0;134.13
2.0;477.87
2.0;205.94
2.0;168.74
2.0;149.54
2.0;206.13
2.0;120.33
2.0;121.68
2.0;183.27
2.0;218.45
2.0;167.94
2.0;148.17
2.0;260.9
2.0;357.0
2.0;171.29
2.0;254.9
2.0;207.07
2.0;196.0
2.0;92.7
2.0;325.68
2.0;417.8
2.0;305.19
2.0;202.39
2.0;53.03
2.0;200.68
2.0;168.53
2.0;93.39
2.0;164.39
2.0;236.82
2.0;45.58
2.0;51.83
2.0;195.81
2.0;338.43
2.0;357.29
2.0;255.9
2.0;238.57
2.0;170.13
2.0;55.97
2.0;112.16
2.0;106.48
2.0;81.72
2.0;57.55
2.0;103.43
2.0;252.1
2.0;294.23
2.0;319.58
2.0;294.53
3.0;282.33
3.0;71.72
3.0;295.1
3.0;157.17
3.0;189.39
3.0;461.5
3.0;771.61
3.0;968.13
3.0;524.43
3.0;277.52
3.0;149.87
3.0;31.42
3.0;174.68
3.0;59.71
3.0;13.39
3.0;26.67
3.0;172.52
3.0;561.5
3.0;756.58
3.0;638.58
3.0;388.13
3.0;169.61
3.0;247.77
3.0;268.94
3.0;180.48
3.0;15.29
3.0;132.39
3.0;184.43
3.0;360.42
3.0;744.4
3.0;920.68
3.0;503.87
3.0;199.93
3.0;101.16
3.0;140.27
3.0;113.35
3.0;218.65
3.0;158.0
3.0;143.65
3.0;109.0
3.0;131.1
3.0;433.9
3.0;907.71
3.0;1029.48
3.0;389.53
3.0;152.29
3.0;251.9
3.0;583.74
3.0;127.55
3.0;154.48
3.0;35.94
3.0;56.17
3.0;225.1
3.0;678.23
3.0;783.26
3.0;825.03
3.0;751.0
3.0;293.03
3.0;42.97
3.0;287.1
3.0;863.39
3.0;246.82
3.0;71.55
3.0;233.2
3.0;295.71
3.0;859.63
3.0;1194.0
3.0;1104.23
3.0;583.03
3.0;324.35
3.0;363.23
3.0;401.06
3.0;117.9
3.0;69.79
3.0;6.35
3.0;85.87
3.0;555.97
3.0;1081.93
3.0;842.58
3.0;768.87
3.0;606.17
3.0;1253.29
3.0;263.07
3.0;69.9
3.0;25.42
3.0;32.07
3.0;28.19
3.0;78.9
3.0;329.9
3.0;705.7
3.0;720.55
3.0;604.03
3.0;842.6
3.0;90.0
3.0;5.9
3.0;36.87
3.0;194.48
3.0;82.9
3.0;31.0
3.0;75.0
3.0;117.68
3.0;1187.57
3.0;1609.45
3.0;1593.32
3.0;1029.77
3.0;157.23
3.0;456.3
3.0;129.94
3.0;1.35
3.0;67.64
3.0;53.81
3.0;108.43
3.0;196.87
3.0;835.23
3.0;878.03
3.0;278.55
3.0;178.03
3.0;428.94
3.0;601.17
3.0;53.97
3.0;71.87
3.0;50.04
3.0;12.32
3.0;15.63
3.0;367.74
3.0;1154.77
3.0;1470.19
3.0;1280.65
3.0;511.2
3.0;396.9
3.0;351.0
3.0;10.16
3.0;30.9
3.0;66.11
3.0;16.19
3.0;6.67
3.0;240.55
3.0;1119.5
3.0;1390.1
3.0;1019.26
3.0;868.1
3.0;636.77
3.0;1.07
3.0;38.87
3.0;27.29
3.0;32.83
3.0;21.35
3.0;106.77
3.0;777.1
3.0;1097.83
3.0;1075.42
3.0;1041.67
4.0;438.96
4.0;187.97
4.0;668.1
4.0;552.6
4.0;808.13
4.0;1550.27
4.0;2050.9
4.0;2411.94
4.0;1924.2
4.0;1002.06
4.0;451.77
4.0;88.32
4.0;311.55
4.0;229.29
4.0;37.84
4.0;133.43
4.0;852.35
4.0;1766.63
4.0;2015.71
4.0;2024.29
4.0;1750.03
4.0;1140.58
4.0;756.9
4.0;571.48
4.0;319.77
4.0;88.82
4.0;461.9
4.0;706.4
4.0;950.81
4.0;1650.63
4.0;1958.94
4.0;1705.81
4.0;1091.0
4.0;620.84
4.0;862.1
4.0;436.42
4.0;530.03
4.0;398.57
4.0;584.87
4.0;498.73
4.0;655.32
4.0;1359.07
4.0;2131.39
4.0;2146.58
4.0;1271.8
4.0;660.1
4.0;751.63
4.0;1174.61
4.0;462.84
4.0;484.34
4.0;265.03
4.0;409.97
4.0;926.42
4.0;1762.7
4.0;2006.58
4.0;2178.81
4.0;1948.8
4.0;1136.39
4.0;262.27
4.0;619.45
4.0;1462.06
4.0;676.25
4.0;413.87
4.0;640.23
4.0;1040.9
4.0;2012.9
4.0;2397.39
4.0;2359.9
4.0;1667.07
4.0;777.35
4.0;1119.27
4.0;967.97
4.0;310.48
4.0;272.5
4.0;59.68
4.0;387.03
4.0;1582.74
4.0;2116.37
4.0;2111.61
4.0;2088.32
4.0;1907.67
4.0;2498.71
4.0;1603.67
4.0;325.42
4.0;428.23
4.0;253.32
4.0;283.03
4.0;614.87
4.0;1138.23
4.0;1854.8
4.0;2006.77
4.0;1958.35
4.0;2164.9
4.0;998.9
4.0;330.47
4.0;259.23
4.0;927.0
4.0;1167.69
4.0;1085.61
4.0;1817.47
4.0;1376.74
4.0;2452.53
4.0;2455.81
4.0;2490.81
4.0;2222.13
4.0;1249.97
4.0;1434.93
4.0;718.06
4.0;31.23
4.0;137.21
4.0;417.42
4.0;466.83
4.0;798.84
4.0;1831.77
4.0;1907.03
4.0;1216.16
4.0;1229.53
4.0;1842.55
4.0;1939.43
4.0;501.29
4.0;623.87
4.0;794.25
4.0;386.55
4.0;305.17
4.0;1296.03
4.0;2401.43
4.0;2709.1
4.0;2642.9
4.0;1858.73
4.0;1816.9
4.0;1294.3
4.0;37.16
4.0;231.39
4.0;586.25
4.0;380.52
4.0;246.37
4.0;925.58
4.0;2074.03
4.0;2486.87
4.0;2326.29
4.0;2311.07
4.0;2041.84
4.0;108.83
4.0;204.0
4.0;138.39
4.0;403.86
4.0;376.0
4.0;715.5
4.0;1836.42
4.0;2086.2
4.0;2199.65
4.0;2159.73
5.0;77.3
5.0;32.62
5.0;150.65
5.0;167.57
5.0;144.61
5.0;341.73
5.0;488.55
5.0;594.77
5.0;206.8
5.0;31.42
5.0;21.7
5.0;0.16
5.0;17.32
5.0;2.21
5.0;2.48
5.0;9.7
5.0;279.29
5.0;607.17
5.0;399.19
5.0;269.1
5.0;67.57
5.0;52.68
5.0;41.5
5.0;60.48
5.0;14.39
5.0;0.0
5.0;5.39
5.0;82.37
5.0;137.74
5.0;283.37
5.0;223.19
5.0;159.19
5.0;47.57
5.0;22.52
5.0;9.7
5.0;10.52
5.0;30.35
5.0;19.0
5.0;32.87
5.0;29.43
5.0;62.77
5.0;259.07
5.0;629.61
5.0;394.97
5.0;63.97
5.0;9.13
5.0;6.4
5.0;100.48
5.0;3.03
5.0;34.62
5.0;32.61
5.0;36.9
5.0;201.48
5.0;346.6
5.0;323.68
5.0;336.23
5.0;154.67
5.0;48.19
5.0;20.27
5.0;200.71
5.0;373.32
5.0;153.18
5.0;15.55
5.0;61.4
5.0;208.45
5.0;650.07
5.0;820.97
5.0;548.65
5.0;67.37
5.0;42.0
5.0;120.8
5.0;75.23
5.0;2.35
5.0;0.75
5.0;0.35
5.0;52.7
5.0;488.32
5.0;484.03
5.0;393.68
5.0;265.19
5.0;127.3
5.0;531.45
5.0;78.7
5.0;19.19
5.0;114.61
5.0;15.32
5.0;23.26
5.0;45.23
5.0;282.94
5.0;420.43
5.0;371.52
5.0;78.19
5.0;303.57
5.0;26.1
5.0;2.93
5.0;3.71
5.0;98.84
5.0;81.79
5.0;31.97
5.0;187.03
5.0;165.23
5.0;873.1
5.0;663.58
5.0;483.61
5.0;296.67
5.0;35.71
5.0;57.7
5.0;5.06
5.0;0.32
5.0;15.07
5.0;50.52
5.0;43.4
5.0;319.61
5.0;734.13
5.0;482.06
5.0;240.42
5.0;187.17
5.0;266.45
5.0;225.9
5.0;25.84
5.0;83.48
5.0;46.32
5.0;20.1
5.0;73.6
5.0;234.87
5.0;730.57
5.0;863.52
5.0;680.35
5.0;407.13
5.0;164.42
5.0;35.53
5.0;1.29
5.0;7.9
5.0;52.43
5.0;26.81
5.0;34.4
5.0;216.77
5.0;636.97
5.0;522.42
5.0;512.32
5.0;425.17
5.0;211.26
5.0;0.57
5.0;6.87
5.0;3.29
5.0;9.0
5.0;3.26
5.0;35.33
5.0;538.06
5.0;399.87
5.0;323.61
5.0;249.4
6.0;39.52
6.0;27.1
6.0;240.16
6.0;306.33
6.0;599.26
6.0;1093.77
6.0;715.97
6.0;411.71
6.0;151.67
6.0;47.58
6.0;36.57
6.0;0.74
6.0;24.13
6.0;5.82
6.0;18.97
6.0;64.8
6.0;801.39
6.0;629.03
6.0;301.81
6.0;273.13
6.0;64.67
6.0;35.35
6.0;46.8
6.0;86.23
6.0;25.06
6.0;1.14
6.0;15.03
6.0;98.83
6.0;203.35
6.0;275.8
6.0;246.97
6.0;177.58
6.0;61.07
6.0;17.77
6.0;3.73
6.0;14.16
6.0;25.58
6.0;59.61
6.0;61.52
6.0;97.87
6.0;254.74
6.0;439.03
6.0;518.23
6.0;209.65
6.0;60.13
6.0;50.94
6.0;36.63
6.0;71.71
6.0;8.74
6.0;25.07
6.0;50.03
6.0;99.87
6.0;449.9
6.0;375.3
6.0;221.97
6.0;238.1
6.0;129.53
6.0;22.9
6.0;38.93
6.0;238.97
6.0;333.29
6.0;90.07
6.0;53.13
6.0;153.63
6.0;556.32
6.0;1259.3
6.0;998.55
6.0;430.48
6.0;74.4
6.0;49.13
6.0;102.8
6.0;49.45
6.0;2.58
6.0;0.07
6.0;1.87
6.0;170.5
6.0;1144.58
6.0;397.6
6.0;197.52
6.0;195.61
6.0;121.33
6.0;341.81
6.0;84.87
6.0;32.23
6.0;210.77
6.0;82.54
6.0;76.32
6.0;240.87
6.0;623.32
6.0;609.2
6.0;391.9
6.0;63.42
6.0;319.3
6.0;72.16
6.0;29.0
6.0;46.52
6.0;302.32
6.0;213.03
6.0;56.61
6.0;366.37
6.0;648.39
6.0;2218.63
6.0;871.52
6.0;456.45
6.0;248.07
6.0;90.23
6.0;204.23
6.0;37.52
6.0;12.55
6.0;67.14
6.0;275.13
6.0;209.07
6.0;647.52
6.0;712.03
6.0;295.52
6.0;220.71
6.0;421.97
6.0;384.77
6.0;369.77
6.0;129.52
6.0;141.13
6.0;43.29
6.0;133.58
6.0;257.3
6.0;845.45
6.0;1504.43
6.0;1168.42
6.0;851.23
6.0;382.77
6.0;193.0
6.0;70.97
6.0;5.97
6.0;30.58
6.0;113.64
6.0;61.1
6.0;174.27
6.0;777.55
6.0;1060.67
6.0;682.65
6.0;745.87
6.0;454.5
6.0;345.26
6.0;53.03
6.0;29.97
6.0;66.71
6.0;33.24
6.0;24.71
6.0;168.47
6.0;890.0
6.0;414.1
6.0;344.35
6.0;391.33
7.0;6.37
7.0;7.34
7.0;99.06
7.0;130.23
7.0;206.74
7.0;254.47
7.0;205.0
7.0;113.77
7.0;86.63
7.0;31.52
7.0;14.6
7.0;0.61
7.0;7.61
7.0;4.04
7.0;38.06
7.0;46.7
7.0;247.13
7.0;207.77
7.0;148.23
7.0;107.48
7.0;52.53
7.0;33.55
7.0;52.33
7.0;89.71
7.0;10.19
7.0;3.54
7.0;42.74
7.0;97.17
7.0;147.06
7.0;185.73
7.0;122.65
7.0;64.23
7.0;20.9
7.0;11.81
7.0;9.0
7.0;16.58
7.0;42.74
7.0;70.57
7.0;49.13
7.0;118.0
7.0;182.35
7.0;253.7
7.0;208.84
7.0;96.32
7.0;39.73
7.0;61.74
7.0;76.87
7.0;100.65
7.0;6.26
7.0;6.28
7.0;26.16
7.0;96.6
7.0;215.52
7.0;186.4
7.0;108.29
7.0;85.35
7.0;95.7
7.0;19.29
7.0;9.03
7.0;92.29
7.0;156.42
7.0;76.57
7.0;48.03
7.0;157.03
7.0;187.16
7.0;338.1
7.0;305.61
7.0;204.06
7.0;48.33
7.0;29.84
7.0;79.63
7.0;24.81
7.0;2.29
7.0;0.25
7.0;2.13
7.0;92.63
7.0;308.32
7.0;188.07
7.0;152.81
7.0;140.55
7.0;111.73
7.0;243.77
7.0;56.0
7.0;18.97
7.0;162.52
7.0;95.39
7.0;79.97
7.0;120.93
7.0;202.26
7.0;183.57
7.0;204.16
7.0;34.84
7.0;168.47
7.0;45.61
7.0;52.23
7.0;53.87
7.0;226.29
7.0;50.97
7.0;52.19
7.0;240.17
7.0;254.94
7.0;383.97
7.0;193.9
7.0;155.9
7.0;206.87
7.0;48.52
7.0;151.17
7.0;13.16
7.0;12.65
7.0;27.96
7.0;169.87
7.0;213.0
7.0;190.52
7.0;201.93
7.0;128.42
7.0;109.1
7.0;163.17
7.0;186.42
7.0;160.47
7.0;77.71
7.0;143.52
7.0;63.54
7.0;154.68
7.0;221.27
7.0;347.16
7.0;301.6
7.0;295.32
7.0;251.48
7.0;85.87
7.0;171.29
7.0;53.23
7.0;16.94
7.0;52.32
7.0;184.25
7.0;107.19
7.0;112.53
7.0;256.26
7.0;349.27
7.0;136.68
7.0;58.94
7.0;139.43
7.0;160.29
7.0;12.47
7.0;39.45
7.0;70.32
7.0;45.14
7.0;22.87
7.0;110.7
7.0;232.81
7.0;121.07
7.0;70.13
7.0;122.13
8.0;20.96
8.0;5.28
8.0;132.39
8.0;212.0
8.0;261.03
8.0;701.63
8.0;662.65
8.0;460.48
8.0;338.23
8.0;118.74
8.0;60.63
8.0;9.0
8.0;7.32
8.0;13.46
8.0;80.29
8.0;52.83
8.0;674.94
8.0;973.8
8.0;598.23
8.0;396.1
8.0;307.07
8.0;192.71
8.0;141.83
8.0;324.58
8.0;55.65
8.0;4.21
8.0;127.9
8.0;175.17
8.0;359.87
8.0;920.33
8.0;1001.9
8.0;530.77
8.0;323.6
8.0;112.52
8.0;37.73
8.0;36.97
8.0;106.03
8.0;161.25
8.0;117.48
8.0;181.4
8.0;399.81
8.0;825.33
8.0;1136.35
8.0;849.39
8.0;364.03
8.0;385.97
8.0;297.57
8.0;295.19
8.0;48.77
8.0;30.34
8.0;38.68
8.0;132.1
8.0;498.0
8.0;764.33
8.0;790.65
8.0;541.52
8.0;454.67
8.0;234.97
8.0;15.5
8.0;210.48
8.0;372.45
8.0;337.79
8.0;77.23
8.0;182.67
8.0;250.19
8.0;1146.87
8.0;1413.03
8.0;1002.65
8.0;393.67
8.0;155.58
8.0;229.17
8.0;39.13
8.0;11.26
8.0;0.14
8.0;1.48
8.0;88.17
8.0;819.29
8.0;820.97
8.0;832.1
8.0;571.81
8.0;416.83
8.0;596.0
8.0;315.4
8.0;129.13
8.0;144.26
8.0;59.5
8.0;89.45
8.0;194.43
8.0;585.94
8.0;1029.73
8.0;869.81
8.0;362.71
8.0;409.53
8.0;115.29
8.0;96.8
8.0;103.35
8.0;324.39
8.0;84.93
8.0;59.42
8.0;194.53
8.0;470.77
8.0;1612.43
8.0;1155.77
8.0;652.55
8.0;511.47
8.0;191.77
8.0;321.43
8.0;98.61
8.0;24.74
8.0;47.86
8.0;182.16
8.0;297.0
8.0;468.19
8.0;1142.27
8.0;873.77
8.0;457.87
8.0;449.23
8.0;321.1
8.0;331.27
8.0;61.42
8.0;163.19
8.0;48.79
8.0;153.55
8.0;233.67
8.0;773.1
8.0;1328.8
8.0;1223.29
8.0;784.77
8.0;384.6
8.0;400.9
8.0;227.03
8.0;74.58
8.0;68.23
8.0;161.21
8.0;101.68
8.0;91.17
8.0;553.71
8.0;1324.67
8.0;909.61
8.0;513.84
8.0;406.23
8.0;362.39
8.0;86.37
8.0;69.9
8.0;63.94
8.0;35.21
8.0;44.74
8.0;73.77
8.0;670.65
8.0;968.1
8.0;893.58
8.0;640.47
9.0;0.56
9.0;2.66
9.0;6.84
9.0;5.13
9.0;26.03
9.0;176.17
9.0;156.68
9.0;63.81
9.0;6.5
9.0;0.16
9.0;1.2
9.0;0.0
9.0;0.0
9.0;1.79
9.0;6.94
9.0;4.93
9.0;118.52
9.0;300.23
9.0;107.16
9.0;26.32
9.0;9.83
9.0;6.71
9.0;3.4
9.0;15.84
9.0;5.45
9.0;1.68
9.0;8.48
9.0;9.7
9.0;44.55
9.0;318.97
9.0;379.9
9.0;71.9
9.0;30.2
9.0;11.97
9.0;2.4
9.0;7.52
9.0;9.68
9.0;10.39
9.0;9.03
9.0;11.37
9.0;46.61
9.0;215.2
9.0;305.48
9.0;127.65
9.0;16.37
9.0;49.74
9.0;30.53
9.0;13.58
9.0;3.26
9.0;0.72
9.0;2.55
9.0;1.83
9.0;66.81
9.0;141.17
9.0;149.48
9.0;62.97
9.0;11.17
9.0;6.94
9.0;0.0
9.0;17.81
9.0;25.65
9.0;20.57
9.0;2.19
9.0;2.6
9.0;19.97
9.0;207.03
9.0;416.42
9.0;245.77
9.0;9.53
9.0;0.9
9.0;3.53
9.0;2.0
9.0;0.9
9.0;0.0
9.0;0.0
9.0;1.93
9.0;155.39
9.0;170.3
9.0;396.77
9.0;163.1
9.0;13.3
9.0;20.42
9.0;3.53
9.0;1.19
9.0;9.32
9.0;27.93
9.0;14.42
9.0;45.0
9.0;50.19
9.0;181.4
9.0;144.87
9.0;17.77
9.0;16.97
9.0;2.68
9.0;1.43
9.0;23.61
9.0;26.9
9.0;0.0
9.0;2.65
9.0;5.23
9.0;61.65
9.0;315.5
9.0;181.84
9.0;98.94
9.0;68.97
9.0;2.13
9.0;19.37
9.0;1.03
9.0;0.84
9.0;0.89
9.0;51.97
9.0;29.4
9.0;49.16
9.0;191.77
9.0;246.29
9.0;81.39
9.0;53.83
9.0;27.42
9.0;20.77
9.0;4.52
9.0;23.55
9.0;0.79
9.0;41.81
9.0;25.73
9.0;144.87
9.0;222.87
9.0;229.55
9.0;129.58
9.0;57.43
9.0;31.06
9.0;15.47
9.0;0.81
9.0;3.81
9.0;6.54
9.0;0.74
9.0;11.53
9.0;88.74
9.0;284.9
9.0;198.52
9.0;97.84
9.0;42.97
9.0;11.74
9.0;1.93
9.0;2.9
9.0;3.26
9.0;1.31
9.0;0.52
9.0;2.07
9.0;110.87
9.0;200.9
9.0;233.03
9.0;140.73
10.0;0.56
10.0;0.03
10.0;2.97
10.0;4.33
10.0;51.35
10.0;269.3
10.0;194.58
10.0;51.65
10.0;18.13
10.0;11.81
10.0;0.8
10.0;0.74
10.0;1.26
10.0;1.14
10.0;2.16
10.0;4.03
10.0;212.26
10.0;380.87
10.0;150.94
10.0;32.87
10.0;16.27
10.0;11.13
10.0;0.13
10.0;0.52
10.0;0.42
10.0;0.0
10.0;3.48
10.0;7.43
10.0;87.48
10.0;380.73
10.0;320.29
10.0;50.81
10.0;17.33
10.0;10.71
10.0;1.0
10.0;0.35
10.0;0.13
10.0;0.04
10.0;1.26
10.0;11.5
10.0;69.45
10.0;235.5
10.0;239.35
10.0;91.71
10.0;19.0
10.0;23.42
10.0;11.77
10.0;5.77
10.0;1.26
10.0;0.21
10.0;1.61
10.0;13.53
10.0;133.39
10.0;263.53
10.0;206.9
10.0;75.52
10.0;27.7
10.0;14.87
10.0;0.57
10.0;6.52
10.0;14.45
10.0;19.29
10.0;5.0
10.0;7.07
10.0;29.97
10.0;323.4
10.0;381.13
10.0;171.13
10.0;23.07
10.0;8.61
10.0;1.37
10.0;0.06
10.0;0.06
10.0;0.0
10.0;0.0
10.0;6.2
10.0;171.84
10.0;175.7
10.0;237.19
10.0;60.74
10.0;17.17
10.0;14.84
10.0;7.23
10.0;1.06
10.0;7.81
10.0;27.79
10.0;11.58
10.0;79.77
10.0;164.19
10.0;300.3
10.0;175.94
10.0;34.26
10.0;25.8
10.0;21.42
10.0;12.2
10.0;15.45
10.0;5.35
10.0;5.79
10.0;3.16
10.0;7.03
10.0;55.13
10.0;508.47
10.0;286.45
10.0;176.84
10.0;75.87
10.0;42.81
10.0;10.5
10.0;11.26
10.0;9.94
10.0;16.07
10.0;14.55
10.0;12.6
10.0;81.84
10.0;363.73
10.0;244.61
10.0;56.1
10.0;60.7
10.0;24.03
10.0;14.93
10.0;18.45
10.0;4.65
10.0;3.96
10.0;24.32
10.0;33.27
10.0;150.68
10.0;319.33
10.0;253.45
10.0;87.71
10.0;51.23
10.0;26.42
10.0;12.13
10.0;1.26
10.0;0.61
10.0;0.89
10.0;0.42
10.0;3.23
10.0;177.68
10.0;354.87
10.0;127.19
10.0;33.23
10.0;34.77
10.0;36.23
10.0;3.97
10.0;1.32
10.0;8.71
10.0;6.76
10.0;2.65
10.0;6.27
10.0;288.61
10.0;339.53
10.0;48.06
10.0;22.6
11.0;0.0
11.0;0.0
11.0;0.03
11.0;0.0
11.0;30.03
11.0;196.63
11.0;63.74
11.0;14.0
11.0;2.67
11.0;0.42
11.0;0.0
11.0;0.0
11.0;0.06
11.0;0.07
11.0;0.0
11.0;0.2
11.0;162.48
11.0;354.57
11.0;37.55
11.0;9.42
11.0;1.63
11.0;1.26
11.0;0.0
11.0;0.0
11.0;0.0
11.0;0.0
11.0;0.13
11.0;0.33
11.0;24.13
11.0;351.33
11.0;325.26
11.0;35.65
11.0;3.47
11.0;0.1
11.0;0.03
11.0;0.0
11.0;0.0
11.0;0.0
11.0;0.29
11.0;0.13
11.0;32.77
11.0;114.97
11.0;89.26
11.0;24.23
11.0;1.97
11.0;3.35
11.0;4.33
11.0;0.06
11.0;0.0
11.0;0.0
11.0;0.0
11.0;0.47
11.0;126.52
11.0;127.63
11.0;66.74
11.0;22.32
11.0;2.13
11.0;3.55
11.0;0.0
11.0;0.42
11.0;0.48
11.0;0.64
11.0;0.03
11.0;0.23
11.0;5.87
11.0;280.27
11.0;244.32
11.0;35.26
11.0;2.53
11.0;75.1
11.0;0.0
11.0;0.0
11.0;0.0
11.0;0.0
11.0;0.0
11.0;0.0
11.0;92.9
11.0;41.87
11.0;46.19
11.0;20.42
11.0;0.77
11.0;0.19
11.0;0.2
11.0;0.0
11.0;0.0
11.0;0.68
11.0;0.29
11.0;40.8
11.0;77.35
11.0;276.67
11.0;169.97
11.0;28.39
11.0;27.67
11.0;13.42
11.0;0.0
11.0;0.0
11.0;0.0
11.0;0.0
11.0;0.0
11.0;0.37
11.0;24.74
11.0;524.0
11.0;392.32
11.0;138.74
11.0;17.07
11.0;8.16
11.0;1.83
11.0;0.0
11.0;0.0
11.0;0.0
11.0;0.35
11.0;1.9
11.0;22.81
11.0;479.93
11.0;254.42
11.0;43.48
11.0;41.2
11.0;3.23
11.0;0.17
11.0;0.0
11.0;0.1
11.0;0.0
11.0;1.29
11.0;5.07
11.0;97.74
11.0;343.33
11.0;314.58
11.0;86.71
11.0;30.3
11.0;2.68
11.0;0.7
11.0;0.0
11.0;0.0
11.0;0.04
11.0;0.03
11.0;2.37
11.0;160.74
11.0;297.1
11.0;132.0
11.0;20.74
11.0;16.63
11.0;5.87
11.0;0.03
11.0;0.0
11.0;0.0
11.0;0.0
11.0;0.0
11.0;0.0
11.0;224.58
11.0;498.13
11.0;85.94
11.0;26.87
12.0;0.0
12.0;0.0
12.0;0.0
12.0;0.0
12.0;84.1
12.0;162.63
12.0;29.87
12.0;20.68
12.0;19.87
12.0;5.16
12.0;0.03
12.0;0.0
12.0;0.03
12.0;0.0
12.0;0.0
12.0;0.03
12.0;254.81
12.0;252.0
12.0;49.45
12.0;26.84
12.0;1.0
12.0;2.16
12.0;0.03
12.0;0.0
12.0;0.0
12.0;0.0
12.0;0.16
12.0;0.23
12.0;68.97
12.0;447.77
12.0;88.94
12.0;27.58
12.0;4.5
12.0;0.29
12.0;0.9
12.0;0.03
12.0;0.0
12.0;0.0
12.0;0.55
12.0;1.57
12.0;135.03
12.0;174.8
12.0;47.94
12.0;28.71
12.0;7.57
12.0;6.58
12.0;1.6
12.0;0.0
12.0;0.0
12.0;0.0
12.0;0.0
12.0;1.7
12.0;236.29
12.0;110.5
12.0;85.1
12.0;48.58
12.0;12.53
12.0;4.61
12.0;0.0
12.0;0.06
12.0;0.0
12.0;0.07
12.0;0.0
12.0;0.0
12.0;11.87
12.0;565.73
12.0;374.42
12.0;64.06
12.0;9.53
12.0;0.87
12.0;0.03
12.0;0.0
12.0;0.0
12.0;0.0
12.0;0.0
12.0;0.0
12.0;158.23
12.0;67.63
12.0;38.42
12.0;39.42
12.0;2.53
12.0;1.19
12.0;1.7
12.0;0.03
12.0;1.23
12.0;0.79
12.0;2.13
12.0;10.83
12.0;147.19
12.0;359.43
12.0;53.55
12.0;2.13
12.0;28.93
12.0;7.26
12.0;0.0
12.0;0.0
12.0;0.06
12.0;0.21
12.0;0.1
12.0;0.6
12.0;13.16
12.0;552.17
12.0;239.03
12.0;50.23
12.0;23.6
12.0;2.1
12.0;1.77
12.0;0.0
12.0;7.03
12.0;4.54
12.0;0.97
12.0;1.43
12.0;27.74
12.0;733.33
12.0;100.87
12.0;3.39
12.0;6.3
12.0;3.42
12.0;0.37
12.0;0.9
12.0;0.48
12.0;0.11
12.0;0.42
12.0;1.03
12.0;128.29
12.0;578.5
12.0;153.06
12.0;52.97
12.0;18.4
12.0;2.42
12.0;0.17
12.0;0.06
12.0;0.9
12.0;0.61
12.0;0.61
12.0;1.63
12.0;279.03
12.0;145.17
12.0;11.45
12.0;10.35
12.0;17.1
12.0;9.71
12.0;0.03
12.0;1.0
12.0;2.19
12.0;1.76
12.0;8.06
12.0;1.53
12.0;124.61
12.0;708.7
12.0;79.77
12.0;10.07
13.0;1.04
13.0;0.0
13.0;0.74
13.0;4.53
13.0;141.61
13.0;178.63
13.0;127.06
13.0;84.94
13.0;37.67
13.0;35.97
13.0;3.7
13.0;1.45
13.0;2.94
13.0;0.64
13.0;2.16
13.0;12.47
13.0;342.65
13.0;249.3
13.0;117.19
13.0;68.29
13.0;13.43
13.0;11.84
13.0;1.87
13.0;0.81
13.0;1.0
13.0;0.14
13.0;3.81
13.0;13.77
13.0;195.1
13.0;424.83
13.0;260.48
13.0;112.58
13.0;28.5
13.0;9.77
13.0;4.63
13.0;1.58
13.0;0.42
13.0;0.36
13.0;1.26
13.0;33.63
13.0;294.1
13.0;182.93
13.0;145.94
13.0;112.74
13.0;27.73
13.0;13.52
13.0;2.5
13.0;0.68
13.0;0.06
13.0;0.17
13.0;1.29
13.0;36.73
13.0;350.16
13.0;193.53
13.0;146.29
13.0;163.1
13.0;69.8
13.0;8.68
13.0;3.03
13.0;1.55
13.0;0.19
13.0;0.07
13.0;1.19
13.0;2.0
13.0;76.35
13.0;591.07
13.0;399.65
13.0;179.1
13.0;72.07
13.0;20.23
13.0;4.43
13.0;0.16
13.0;0.13
13.0;0.07
13.0;2.65
13.0;6.23
13.0;278.0
13.0;120.63
13.0;172.87
13.0;116.55
13.0;41.47
13.0;11.81
13.0;6.63
13.0;1.39
13.0;7.87
13.0;3.46
13.0;6.45
13.0;43.13
13.0;187.65
13.0;234.7
13.0;133.84
13.0;82.03
13.0;59.5
13.0;41.94
13.0;7.77
13.0;3.19
13.0;2.48
13.0;2.07
13.0;5.16
13.0;20.8
13.0;94.65
13.0;400.47
13.0;162.26
13.0;95.26
13.0;23.43
13.0;17.06
13.0;8.3
13.0;7.84
13.0;8.71
13.0;3.96
13.0;7.39
13.0;30.4
13.0;134.32
13.0;262.3
13.0;72.42
13.0;63.84
13.0;39.27
13.0;28.74
13.0;48.77
13.0;29.26
13.0;16.39
13.0;11.86
13.0;12.65
13.0;47.53
13.0;175.1
13.0;321.53
13.0;132.68
13.0;101.65
13.0;76.2
13.0;33.0
13.0;26.3
13.0;27.52
13.0;2.71
13.0;2.57
13.0;5.52
13.0;19.07
13.0;281.58
13.0;205.33
13.0;140.84
13.0;143.19
13.0;45.3
13.0;49.29
13.0;21.8
13.0;7.35
13.0;3.48
13.0;1.55
13.0;7.19
13.0;13.47
13.0;208.61
13.0;372.6
13.0;160.13
13.0;110.4
