PO;Temperature
1.0;4.92
1.0;2.91
1.0;4.44
1.0;6.02
1.0;9.95
1.0;13.44
1.0;16.54
1.0;17.97
1.0;15.4
1.0;12.38
1.0;9.58
1.0;5.32
1.0;2.89
1.0;1.73
1.0;2.4
1.0;4.44
1.0;9.52
1.0;14.35
1.0;17.07
1.0;18.43
1.0;16.51
1.0;12.67
1.0;9.9
1.0;7.76
1.0;5.18
1.0;3.15
1.0;4.52
1.0;6.92
1.0;11.06
1.0;14.96
1.0;19.23
1.0;19.0
1.0;16.57
1.0;13.26
1.0;10.44
1.0;7.44
1.0;6.08
1.0;4.37
1.0;4.37
1.0;6.19
1.0;9.43
1.0;12.7
1.0;16.1
1.0;17.55
1.0;15.82
1.0;12.65
1.0;10.1
1.0;8.51
1.0;4.61
1.0;4.03
1.0;4.04
1.0;6.52
1.0;10.32
1.0;15.91
1.0;17.29
1.0;17.42
1.0;17.39
1.0;12.96
1.0;8.72
1.0;6.92
1.0;5.46
1.0;3.69
1.0;4.41
1.0;6.5
1.0;10.07
1.0;13.92
1.0;16.57
1.0;17.3
1.0;15.97
1.0;13.19
1.0;10.21
1.0;7.04
1.0;4.87
1.0;3.38
1.0;3.05
1.0;4.88
1.0;11.65
1.0;15.26
1.0;18.32
1.0;18.41
1.0;16.26
1.0;12.8
1.0;9.43
1.0;6.13
1.0;5.38
1.0;3.8
1.0;4.68
1.0;7.19
1.0;9.98
1.0;13.88
1.0;16.55
1.0;18.25
1.0;15.75
1.0;11.98
1.0;9.04
1.0;6.95
1.0;6.56
1.0;5.91
1.0;5.44
1.0;7.09
1.0;9.6
1.0;16.34
1.0;16.18
1.0;18.26
1.0;16.08
1.0;13.01
1.0;10.74
1.0;7.86
1.0;5.04
1.0;2.82
1.0;4.08
1.0;6.01
1.0;9.26
1.0;14.05
1.0;17.95
1.0;17.15
1.0;15.74
1.0;12.71
1.0;10.21
1.0;6.08
1.0;5.41
1.0;5.26
1.0;4.61
1.0;6.24
1.0;10.12
1.0;14.28
1.0;16.38
1.0;17.78
1.0;15.87
1.0;12.22
1.0;10.86
1.0;6.59
1.0;5.53
1.0;5.24
1.0;4.55
1.0;6.01
1.0;9.61
1.0;15.41
1.0;15.65
1.0;16.63
1.0;16.41
1.0;13.09
1.0;8.87
1.0;6.4
1.0;4.88
1.0;4.29
1.0;4.19
1.0;6.04
1.0;11.77
1.0;13.83
1.0;16.02
1.0;17.22
2.0;5.15
2.0;4.46
2.0;5.5
2.0;6.41
2.0;9.19
2.0;12.3
2.0;15.42
2.0;16.89
2.0;14.29
2.0;11.84
2.0;9.38
2.0;6.68
2.0;3.75
2.0;2.02
2.0;3.27
2.0;5.16
2.0;8.57
2.0;12.87
2.0;15.32
2.0;17.25
2.0;15.88
2.0;12.88
2.0;9.52
2.0;7.8
2.0;6.01
2.0;4.56
2.0;4.62
2.0;7.03
2.0;10.48
2.0;13.62
2.0;17.94
2.0;18.17
2.0;16.31
2.0;13.22
2.0;10.5
2.0;7.82
2.0;6.3
2.0;5.57
2.0;5.16
2.0;6.57
2.0;8.89
2.0;11.82
2.0;14.79
2.0;16.44
2.0;15.43
2.0;12.7
2.0;9.94
2.0;8.05
2.0;6.47
2.0;4.66
2.0;4.81
2.0;6.51
2.0;9.71
2.0;15.0
2.0;16.05
2.0;16.32
2.0;16.81
2.0;13.34
2.0;9.35
2.0;7.18
2.0;5.57
2.0;4.66
2.0;4.96
2.0;6.86
2.0;10.69
2.0;13.81
2.0;15.41
2.0;16.73
2.0;15.78
2.0;12.89
2.0;9.81
2.0;6.9
2.0;5.21
2.0;3.59
2.0;3.89
2.0;6.08
2.0;11.3
2.0;14.75
2.0;16.47
2.0;17.66
2.0;15.48
2.0;11.77
2.0;8.96
2.0;6.74
2.0;6.19
2.0;4.93
2.0;5.0
2.0;7.55
2.0;9.66
2.0;13.63
2.0;15.32
2.0;18.14
2.0;15.32
2.0;11.91
2.0;9.09
2.0;7.81
2.0;6.39
2.0;6.12
2.0;6.09
2.0;7.9
2.0;9.89
2.0;16.05
2.0;16.42
2.0;18.07
2.0;15.57
2.0;12.93
2.0;10.27
2.0;8.35
2.0;4.98
2.0;3.79
2.0;5.39
2.0;7.12
2.0;9.62
2.0;13.56
2.0;16.53
2.0;15.92
2.0;14.85
2.0;12.45
2.0;9.92
2.0;7.1
2.0;5.61
2.0;5.86
2.0;5.26
2.0;6.68
2.0;9.34
2.0;13.31
2.0;15.07
2.0;16.5
2.0;15.32
2.0;12.07
2.0;10.66
2.0;7.54
2.0;5.84
2.0;6.19
2.0;5.9
2.0;6.4
2.0;9.12
2.0;14.38
2.0;15.67
2.0;15.89
2.0;16.0
2.0;12.52
2.0;9.18
2.0;6.88
2.0;5.91
2.0;5.61
2.0;4.89
2.0;6.05
2.0;11.32
2.0;12.78
2.0;15.48
2.0;16.4
3.0;5.88
3.0;4.91
3.0;5.67
3.0;6.52
3.0;8.95
3.0;11.88
3.0;15.35
3.0;16.82
3.0;14.4
3.0;11.76
3.0;9.75
3.0;7.06
3.0;4.94
3.0;3.1
3.0;3.48
3.0;5.25
3.0;8.41
3.0;12.91
3.0;15.37
3.0;16.78
3.0;15.68
3.0;12.88
3.0;9.89
3.0;8.12
3.0;6.2
3.0;5.06
3.0;4.9
3.0;6.93
3.0;10.11
3.0;13.96
3.0;17.78
3.0;17.92
3.0;16.29
3.0;13.18
3.0;10.51
3.0;8.49
3.0;6.79
3.0;5.63
3.0;5.61
3.0;6.55
3.0;8.78
3.0;11.71
3.0;14.7
3.0;16.19
3.0;15.26
3.0;13.02
3.0;10.37
3.0;8.38
3.0;6.26
3.0;5.37
3.0;5.12
3.0;6.54
3.0;9.45
3.0;14.3
3.0;15.87
3.0;16.42
3.0;16.69
3.0;13.37
3.0;9.79
3.0;7.8
3.0;6.14
3.0;5.03
3.0;5.34
3.0;6.76
3.0;10.37
3.0;13.58
3.0;15.58
3.0;16.62
3.0;15.77
3.0;13.16
3.0;10.14
3.0;7.43
3.0;5.7
3.0;4.23
3.0;3.87
3.0;6.21
3.0;10.72
3.0;14.05
3.0;15.94
3.0;17.31
3.0;15.37
3.0;11.94
3.0;9.43
3.0;7.47
3.0;6.81
3.0;5.79
3.0;5.3
3.0;7.5
3.0;9.5
3.0;13.1
3.0;15.32
3.0;17.72
3.0;15.32
3.0;12.14
3.0;9.56
3.0;8.51
3.0;7.01
3.0;6.38
3.0;6.13
3.0;7.6
3.0;9.73
3.0;15.27
3.0;16.34
3.0;17.68
3.0;15.2
3.0;12.96
3.0;10.71
3.0;8.79
3.0;6.27
3.0;4.84
3.0;5.72
3.0;7.11
3.0;9.78
3.0;13.91
3.0;16.87
3.0;15.81
3.0;14.46
3.0;12.29
3.0;10.06
3.0;7.92
3.0;6.51
3.0;6.28
3.0;5.74
3.0;6.68
3.0;9.12
3.0;12.85
3.0;14.88
3.0;15.95
3.0;15.17
3.0;11.91
3.0;10.65
3.0;8.46
3.0;6.72
3.0;6.53
3.0;5.93
3.0;6.52
3.0;8.73
3.0;13.56
3.0;15.75
3.0;15.64
3.0;15.67
3.0;12.54
3.0;9.79
3.0;7.87
3.0;6.62
3.0;5.77
3.0;5.31
3.0;6.06
3.0;11.44
3.0;12.55
3.0;15.35
3.0;16.31
4.0;5.94
4.0;5.39
4.0;5.62
4.0;6.29
4.0;8.72
4.0;10.87
4.0;14.4
4.0;16.43
4.0;13.65
4.0;11.27
4.0;9.35
4.0;7.14
4.0;5.25
4.0;3.97
4.0;3.85
4.0;5.04
4.0;8.19
4.0;12.38
4.0;14.99
4.0;16.19
4.0;14.95
4.0;12.31
4.0;9.51
4.0;7.82
4.0;6.42
4.0;5.64
4.0;5.09
4.0;6.71
4.0;9.28
4.0;12.84
4.0;16.81
4.0;17.22
4.0;15.65
4.0;12.75
4.0;10.06
4.0;8.24
4.0;6.68
4.0;5.83
4.0;5.83
4.0;6.47
4.0;8.51
4.0;11.36
4.0;14.17
4.0;15.54
4.0;14.81
4.0;12.75
4.0;10.18
4.0;8.03
4.0;6.19
4.0;5.43
4.0;5.31
4.0;6.27
4.0;9.01
4.0;12.28
4.0;15.73
4.0;16.15
4.0;15.93
4.0;12.93
4.0;9.66
4.0;7.85
4.0;6.12
4.0;5.43
4.0;5.42
4.0;6.6
4.0;9.91
4.0;12.99
4.0;15.53
4.0;16.26
4.0;15.32
4.0;12.87
4.0;9.55
4.0;7.2
4.0;5.98
4.0;4.75
4.0;4.0
4.0;6.33
4.0;10.31
4.0;12.5
4.0;15.51
4.0;16.71
4.0;14.71
4.0;11.2
4.0;9.08
4.0;7.75
4.0;6.24
4.0;5.75
4.0;5.48
4.0;7.31
4.0;9.31
4.0;12.67
4.0;15.16
4.0;16.9
4.0;14.66
4.0;11.67
4.0;8.68
4.0;8.01
4.0;6.86
4.0;5.88
4.0;5.91
4.0;7.19
4.0;9.3
4.0;14.63
4.0;16.01
4.0;17.2
4.0;14.35
4.0;12.49
4.0;10.17
4.0;8.52
4.0;6.61
4.0;5.06
4.0;5.71
4.0;6.84
4.0;9.63
4.0;13.61
4.0;16.95
4.0;15.08
4.0;13.39
4.0;11.69
4.0;9.38
4.0;7.73
4.0;6.57
4.0;5.78
4.0;6.03
4.0;6.92
4.0;8.82
4.0;12.16
4.0;14.25
4.0;14.84
4.0;14.58
4.0;11.13
4.0;10.02
4.0;8.09
4.0;6.87
4.0;6.04
4.0;5.59
4.0;6.86
4.0;8.57
4.0;13.17
4.0;15.8
4.0;14.94
4.0;14.77
4.0;11.68
4.0;9.44
4.0;7.47
4.0;6.25
4.0;5.37
4.0;5.51
4.0;6.22
4.0;11.06
4.0;12.31
4.0;14.93
4.0;15.99
5.0;5.83
5.0;5.57
5.0;5.72
5.0;6.03
5.0;8.39
5.0;10.76
5.0;13.01
5.0;15.49
5.0;13.47
5.0;11.24
5.0;9.29
5.0;7.13
5.0;5.53
5.0;4.64
5.0;4.4
5.0;4.98
5.0;8.49
5.0;12.02
5.0;14.1
5.0;15.66
5.0;14.68
5.0;12.28
5.0;9.8
5.0;7.74
5.0;6.3
5.0;5.96
5.0;5.55
5.0;6.56
5.0;8.96
5.0;12.81
5.0;16.11
5.0;17.24
5.0;15.48
5.0;13.04
5.0;10.35
5.0;8.41
5.0;6.82
5.0;6.12
5.0;6.01
5.0;6.53
5.0;8.42
5.0;10.78
5.0;13.82
5.0;15.48
5.0;14.84
5.0;12.85
5.0;10.6
5.0;8.27
5.0;6.55
5.0;5.94
5.0;5.61
5.0;6.45
5.0;8.79
5.0;10.78
5.0;15.27
5.0;16.22
5.0;15.49
5.0;13.15
5.0;10.19
5.0;8.18
5.0;6.53
5.0;5.63
5.0;5.92
5.0;6.59
5.0;9.32
5.0;12.59
5.0;15.5
5.0;15.94
5.0;15.08
5.0;13.06
5.0;9.82
5.0;7.59
5.0;6.55
5.0;5.53
5.0;4.56
5.0;6.17
5.0;10.46
5.0;12.19
5.0;15.7
5.0;16.26
5.0;14.56
5.0;11.1
5.0;9.48
5.0;7.96
5.0;6.31
5.0;5.81
5.0;5.84
5.0;7.45
5.0;9.64
5.0;12.74
5.0;15.03
5.0;15.68
5.0;14.25
5.0;11.54
5.0;8.91
5.0;7.7
5.0;7.05
5.0;6.0
5.0;5.9
5.0;6.9
5.0;8.8
5.0;13.93
5.0;15.26
5.0;16.89
5.0;14.19
5.0;12.16
5.0;10.4
5.0;8.52
5.0;7.16
5.0;5.53
5.0;5.43
5.0;6.06
5.0;8.99
5.0;13.03
5.0;15.98
5.0;15.19
5.0;13.16
5.0;11.68
5.0;9.54
5.0;7.79
5.0;6.99
5.0;5.88
5.0;6.03
5.0;6.87
5.0;8.48
5.0;11.36
5.0;13.7
5.0;14.37
5.0;13.81
5.0;11.24
5.0;10.07
5.0;8.31
5.0;7.22
5.0;6.26
5.0;5.17
5.0;7.0
5.0;8.63
5.0;12.24
5.0;15.35
5.0;15.06
5.0;14.38
5.0;11.57
5.0;9.45
5.0;7.64
5.0;6.48
5.0;5.62
5.0;5.63
5.0;6.49
5.0;10.86
5.0;12.54
5.0;14.55
5.0;15.9
6.0;5.91
6.0;5.55
6.0;5.74
6.0;5.98
6.0;8.22
6.0;11.2
6.0;13.13
6.0;14.63
6.0;13.07
6.0;10.9
6.0;8.95
6.0;6.87
6.0;5.63
6.0;4.69
6.0;4.59
6.0;5.14
6.0;8.51
6.0;12.39
6.0;13.78
6.0;15.06
6.0;14.35
6.0;12.1
6.0;9.65
6.0;7.58
6.0;6.1
6.0;5.62
6.0;5.65
6.0;6.36
6.0;8.55
6.0;12.53
6.0;16.15
6.0;16.66
6.0;14.98
6.0;12.6
6.0;10.27
6.0;8.49
6.0;6.84
6.0;6.22
6.0;6.03
6.0;6.52
6.0;8.41
6.0;10.44
6.0;13.45
6.0;15.32
6.0;14.38
6.0;12.49
6.0;10.52
6.0;8.43
6.0;6.45
6.0;6.0
6.0;5.79
6.0;6.5
6.0;8.97
6.0;11.33
6.0;14.84
6.0;15.94
6.0;14.87
6.0;12.95
6.0;10.01
6.0;8.04
6.0;6.71
6.0;5.73
6.0;5.93
6.0;6.58
6.0;8.73
6.0;11.92
6.0;14.97
6.0;15.68
6.0;14.53
6.0;12.78
6.0;9.7
6.0;7.49
6.0;6.41
6.0;5.65
6.0;4.99
6.0;5.86
6.0;9.92
6.0;11.64
6.0;15.2
6.0;15.65
6.0;14.13
6.0;11.1
6.0;9.01
6.0;7.71
6.0;6.31
6.0;5.42
6.0;5.58
6.0;7.09
6.0;9.19
6.0;12.34
6.0;14.27
6.0;15.21
6.0;13.74
6.0;11.1
6.0;8.52
6.0;7.3
6.0;6.88
6.0;6.06
6.0;5.75
6.0;6.51
6.0;8.24
6.0;13.56
6.0;14.38
6.0;15.95
6.0;13.91
6.0;11.53
6.0;9.77
6.0;8.15
6.0;6.83
6.0;5.5
6.0;5.47
6.0;6.06
6.0;8.61
6.0;12.53
6.0;14.81
6.0;14.48
6.0;12.75
6.0;11.33
6.0;9.41
6.0;7.32
6.0;6.7
6.0;5.94
6.0;5.82
6.0;6.48
6.0;8.02
6.0;10.96
6.0;12.87
6.0;13.92
6.0;12.85
6.0;10.95
6.0;9.42
6.0;7.53
6.0;6.91
6.0;6.36
6.0;5.4
6.0;6.24
6.0;8.35
6.0;11.13
6.0;14.33
6.0;14.67
6.0;13.65
6.0;11.37
6.0;8.59
6.0;6.78
6.0;6.01
6.0;5.63
6.0;5.61
6.0;6.22
6.0;10.3
6.0;12.27
6.0;14.14
6.0;15.71
7.0;5.92
7.0;5.32
7.0;5.29
7.0;5.61
7.0;7.9
7.0;10.9
7.0;13.07
7.0;14.13
7.0;12.81
7.0;10.7
7.0;8.74
7.0;6.65
7.0;5.45
7.0;4.49
7.0;4.14
7.0;4.8
7.0;8.02
7.0;12.79
7.0;13.96
7.0;14.71
7.0;13.87
7.0;11.91
7.0;9.41
7.0;7.44
7.0;6.09
7.0;5.21
7.0;5.29
7.0;5.9
7.0;7.9
7.0;11.88
7.0;16.27
7.0;16.46
7.0;14.5
7.0;12.04
7.0;9.84
7.0;8.01
7.0;6.64
7.0;5.97
7.0;5.86
7.0;6.28
7.0;8.29
7.0;10.44
7.0;13.16
7.0;14.97
7.0;14.27
7.0;12.11
7.0;10.22
7.0;8.34
7.0;6.52
7.0;5.79
7.0;5.72
7.0;6.27
7.0;8.91
7.0;10.91
7.0;14.73
7.0;15.76
7.0;14.43
7.0;12.54
7.0;9.61
7.0;7.79
7.0;6.74
7.0;5.78
7.0;5.72
7.0;6.14
7.0;8.2
7.0;11.89
7.0;14.66
7.0;15.51
7.0;14.07
7.0;12.38
7.0;9.64
7.0;7.47
7.0;6.23
7.0;5.44
7.0;4.62
7.0;5.39
7.0;9.25
7.0;11.38
7.0;15.18
7.0;15.51
7.0;13.8
7.0;11.02
7.0;9.09
7.0;7.49
7.0;6.04
7.0;5.33
7.0;4.92
7.0;6.34
7.0;8.63
7.0;12.01
7.0;14.42
7.0;15.3
7.0;13.46
7.0;11.03
7.0;8.43
7.0;7.08
7.0;6.54
7.0;5.92
7.0;5.59
7.0;6.08
7.0;7.76
7.0;13.36
7.0;14.05
7.0;15.6
7.0;13.69
7.0;11.51
7.0;9.44
7.0;8.21
7.0;6.83
7.0;5.55
7.0;5.22
7.0;5.67
7.0;8.16
7.0;12.59
7.0;14.58
7.0;13.99
7.0;12.13
7.0;11.0
7.0;9.33
7.0;7.32
7.0;6.29
7.0;5.73
7.0;5.66
7.0;5.98
7.0;7.64
7.0;10.84
7.0;12.96
7.0;13.49
7.0;12.59
7.0;10.71
7.0;9.36
7.0;7.47
7.0;6.56
7.0;6.03
7.0;5.06
7.0;5.86
7.0;7.84
7.0;10.77
7.0;14.38
7.0;14.63
7.0;13.41
7.0;11.12
7.0;8.42
7.0;6.27
7.0;5.63
7.0;5.44
7.0;5.46
7.0;5.78
7.0;9.33
7.0;12.21
7.0;14.25
7.0;15.87
8.0;5.73
8.0;5.22
8.0;5.12
8.0;5.25
8.0;6.92
8.0;10.17
8.0;11.96
8.0;13.45
8.0;12.24
8.0;10.48
8.0;8.49
8.0;6.53
8.0;5.49
8.0;4.52
8.0;3.96
8.0;4.59
8.0;7.71
8.0;12.51
8.0;13.59
8.0;14.17
8.0;13.23
8.0;11.43
8.0;9.22
8.0;7.22
8.0;5.81
8.0;5.2
8.0;5.13
8.0;5.58
8.0;7.38
8.0;10.91
8.0;15.44
8.0;15.59
8.0;13.77
8.0;11.4
8.0;9.53
8.0;7.92
8.0;6.41
8.0;5.69
8.0;5.66
8.0;5.97
8.0;7.86
8.0;10.07
8.0;12.53
8.0;14.48
8.0;13.8
8.0;11.64
8.0;10.0
8.0;8.22
8.0;6.3
8.0;5.67
8.0;5.49
8.0;6.12
8.0;8.3
8.0;9.93
8.0;14.21
8.0;15.13
8.0;13.72
8.0;12.1
8.0;9.66
8.0;7.77
8.0;6.73
8.0;5.63
8.0;5.55
8.0;5.93
8.0;7.61
8.0;11.47
8.0;13.92
8.0;14.91
8.0;13.46
8.0;11.91
8.0;9.52
8.0;7.52
8.0;6.07
8.0;5.31
8.0;4.62
8.0;5.3
8.0;8.33
8.0;10.36
8.0;14.37
8.0;14.81
8.0;13.11
8.0;10.62
8.0;9.0
8.0;7.37
8.0;6.02
8.0;5.14
8.0;4.75
8.0;5.84
8.0;7.93
8.0;11.37
8.0;14.23
8.0;15.13
8.0;13.11
8.0;10.86
8.0;8.42
8.0;6.97
8.0;6.48
8.0;5.76
8.0;5.44
8.0;5.67
8.0;7.07
8.0;11.93
8.0;13.29
8.0;14.97
8.0;13.14
8.0;11.22
8.0;9.26
8.0;7.98
8.0;6.67
8.0;5.37
8.0;5.17
8.0;5.41
8.0;7.33
8.0;11.75
8.0;13.78
8.0;13.17
8.0;11.34
8.0;10.49
8.0;9.06
8.0;7.17
8.0;6.11
8.0;5.31
8.0;5.48
8.0;5.47
8.0;7.05
8.0;10.26
8.0;12.81
8.0;12.88
8.0;12.04
8.0;10.33
8.0;8.92
8.0;7.18
8.0;6.26
8.0;6.03
8.0;5.15
8.0;5.45
8.0;7.01
8.0;9.98
8.0;14.13
8.0;14.6
8.0;12.88
8.0;10.7
8.0;8.4
8.0;6.43
8.0;5.28
8.0;5.24
8.0;5.12
8.0;5.4
8.0;8.1
8.0;11.85
8.0;14.44
8.0;16.25
9.0;5.66
9.0;4.8
9.0;4.54
9.0;4.63
9.0;5.92
9.0;9.3
9.0;10.94
9.0;12.3
9.0;11.53
9.0;10.27
9.0;8.31
9.0;6.49
9.0;5.31
9.0;4.36
9.0;3.73
9.0;4.07
9.0;7.06
9.0;11.67
9.0;12.73
9.0;13.64
9.0;12.67
9.0;10.74
9.0;8.82
9.0;6.98
9.0;5.43
9.0;4.51
9.0;4.64
9.0;5.04
9.0;6.82
9.0;10.35
9.0;15.15
9.0;14.38
9.0;12.34
9.0;10.48
9.0;9.04
9.0;7.65
9.0;6.11
9.0;5.05
9.0;4.93
9.0;5.18
9.0;7.08
9.0;9.4
9.0;11.83
9.0;13.62
9.0;12.96
9.0;11.14
9.0;9.59
9.0;7.98
9.0;5.94
9.0;5.15
9.0;4.97
9.0;5.62
9.0;7.58
9.0;9.63
9.0;12.93
9.0;13.59
9.0;12.68
9.0;11.78
9.0;9.58
9.0;7.72
9.0;6.32
9.0;5.23
9.0;4.81
9.0;5.2
9.0;6.96
9.0;10.6
9.0;12.91
9.0;13.77
9.0;12.79
9.0;11.57
9.0;9.37
9.0;7.32
9.0;5.6
9.0;4.53
9.0;3.93
9.0;4.78
9.0;7.16
9.0;8.94
9.0;13.37
9.0;14.36
9.0;12.27
9.0;10.55
9.0;9.08
9.0;7.38
9.0;5.87
9.0;4.79
9.0;4.31
9.0;5.14
9.0;7.03
9.0;9.98
9.0;12.95
9.0;13.85
9.0;12.47
9.0;10.43
9.0;8.13
9.0;6.6
9.0;5.89
9.0;5.12
9.0;4.81
9.0;4.98
9.0;6.32
9.0;10.77
9.0;12.92
9.0;13.94
9.0;12.18
9.0;10.83
9.0;8.93
9.0;7.73
9.0;6.41
9.0;5.18
9.0;4.83
9.0;5.04
9.0;6.38
9.0;10.23
9.0;12.13
9.0;12.63
9.0;10.61
9.0;9.63
9.0;8.7
9.0;7.04
9.0;5.86
9.0;4.96
9.0;4.96
9.0;4.97
9.0;6.22
9.0;9.4
9.0;12.44
9.0;12.25
9.0;11.37
9.0;9.84
9.0;8.5
9.0;6.94
9.0;5.72
9.0;5.41
9.0;4.65
9.0;5.0
9.0;6.14
9.0;8.96
9.0;13.21
9.0;14.05
9.0;11.82
9.0;10.12
9.0;8.27
9.0;6.5
9.0;5.1
9.0;4.64
9.0;4.46
9.0;4.67
9.0;6.93
9.0;10.75
9.0;14.06
9.0;16.38
10.0;5.18
10.0;4.42
10.0;4.03
10.0;4.03
10.0;5.5
10.0;9.08
10.0;11.27
10.0;11.92
10.0;10.71
10.0;9.55
10.0;7.9
10.0;6.2
10.0;4.95
10.0;4.06
10.0;3.36
10.0;3.67
10.0;7.01
10.0;11.89
10.0;13.17
10.0;13.47
10.0;12.18
10.0;10.12
10.0;8.31
10.0;6.59
10.0;5.2
10.0;4.26
10.0;4.16
10.0;4.57
10.0;6.42
10.0;10.24
10.0;15.23
10.0;14.27
10.0;11.4
10.0;9.63
10.0;8.18
10.0;7.19
10.0;5.67
10.0;4.47
10.0;4.37
10.0;4.81
10.0;6.86
10.0;9.18
10.0;11.69
10.0;13.29
10.0;11.95
10.0;10.38
10.0;8.94
10.0;7.61
10.0;5.75
10.0;4.82
10.0;4.55
10.0;5.21
10.0;7.35
10.0;9.45
10.0;12.67
10.0;12.58
10.0;11.5
10.0;10.87
10.0;9.17
10.0;7.39
10.0;5.96
10.0;4.72
10.0;4.35
10.0;4.74
10.0;6.44
10.0;10.3
10.0;12.48
10.0;12.74
10.0;11.74
10.0;10.85
10.0;9.03
10.0;7.13
10.0;5.47
10.0;4.22
10.0;3.52
10.0;4.36
10.0;6.89
10.0;8.43
10.0;13.26
10.0;14.46
10.0;11.92
10.0;9.83
10.0;8.68
10.0;7.15
10.0;5.7
10.0;4.39
10.0;3.7
10.0;4.67
10.0;6.58
10.0;9.57
10.0;12.49
10.0;12.8
10.0;11.67
10.0;9.63
10.0;7.69
10.0;6.2
10.0;5.35
10.0;4.62
10.0;4.32
10.0;4.46
10.0;6.04
10.0;10.74
10.0;13.22
10.0;13.91
10.0;11.61
10.0;9.87
10.0;8.38
10.0;7.29
10.0;6.16
10.0;4.9
10.0;4.31
10.0;4.6
10.0;6.04
10.0;9.86
10.0;11.71
10.0;11.99
10.0;10.36
10.0;9.06
10.0;7.81
10.0;6.5
10.0;5.47
10.0;4.57
10.0;4.43
10.0;4.52
10.0;6.01
10.0;9.6
10.0;12.45
10.0;12.19
10.0;10.83
10.0;9.39
10.0;7.92
10.0;6.8
10.0;5.57
10.0;5.04
10.0;4.37
10.0;4.79
10.0;5.84
10.0;9.0
10.0;13.24
10.0;13.79
10.0;11.24
10.0;9.01
10.0;7.76
10.0;6.26
10.0;4.89
10.0;4.12
10.0;3.99
10.0;4.33
10.0;6.53
10.0;11.17
10.0;13.79
10.0;16.44
11.0;4.95
11.0;3.99
11.0;3.74
11.0;3.92
11.0;5.25
11.0;8.39
11.0;10.55
11.0;11.17
11.0;10.04
11.0;8.99
11.0;7.48
11.0;5.85
11.0;4.64
11.0;3.55
11.0;2.94
11.0;3.42
11.0;6.41
11.0;10.93
11.0;12.29
11.0;12.86
11.0;11.44
11.0;9.61
11.0;7.85
11.0;6.27
11.0;5.08
11.0;3.96
11.0;3.68
11.0;4.13
11.0;5.83
11.0;9.28
11.0;13.2
11.0;12.61
11.0;10.25
11.0;8.87
11.0;7.58
11.0;6.73
11.0;5.25
11.0;3.97
11.0;3.99
11.0;4.51
11.0;6.37
11.0;8.69
11.0;10.83
11.0;12.13
11.0;11.1
11.0;9.77
11.0;8.4
11.0;7.26
11.0;5.44
11.0;4.38
11.0;4.1
11.0;4.74
11.0;7.08
11.0;9.04
11.0;11.74
11.0;11.48
11.0;10.75
11.0;10.13
11.0;8.7
11.0;7.08
11.0;5.59
11.0;4.6
11.0;4.23
11.0;4.47
11.0;5.8
11.0;9.06
11.0;11.54
11.0;11.41
11.0;10.66
11.0;9.97
11.0;8.46
11.0;6.68
11.0;5.08
11.0;3.67
11.0;2.92
11.0;3.61
11.0;6.2
11.0;7.82
11.0;12.29
11.0;13.13
11.0;11.23
11.0;9.33
11.0;8.3
11.0;6.85
11.0;5.3
11.0;3.92
11.0;3.27
11.0;4.1
11.0;5.87
11.0;8.51
11.0;11.4
11.0;10.9
11.0;10.41
11.0;8.41
11.0;7.04
11.0;5.75
11.0;4.98
11.0;4.2
11.0;3.82
11.0;3.99
11.0;5.61
11.0;9.67
11.0;11.93
11.0;12.62
11.0;10.95
11.0;9.24
11.0;7.93
11.0;6.83
11.0;5.64
11.0;4.22
11.0;3.77
11.0;4.24
11.0;5.31
11.0;9.16
11.0;10.94
11.0;11.13
11.0;9.63
11.0;8.61
11.0;7.35
11.0;5.95
11.0;5.01
11.0;4.11
11.0;4.01
11.0;4.11
11.0;5.53
11.0;9.18
11.0;11.76
11.0;11.54
11.0;9.96
11.0;8.88
11.0;7.56
11.0;6.46
11.0;5.27
11.0;4.76
11.0;4.06
11.0;4.46
11.0;5.65
11.0;8.64
11.0;11.71
11.0;12.17
11.0;10.3
11.0;8.33
11.0;7.1
11.0;5.74
11.0;4.43
11.0;3.74
11.0;3.58
11.0;3.79
11.0;5.77
11.0;10.12
11.0;12.51
11.0;14.6
12.0;4.84
12.0;4.15
12.0;3.81
12.0;3.87
12.0;4.99
12.0;7.68
12.0;9.84
12.0;10.59
12.0;9.69
12.0;8.52
12.0;7.14
12.0;5.79
12.0;4.78
12.0;3.76
12.0;3.03
12.0;3.18
12.0;5.72
12.0;10.39
12.0;12.17
12.0;12.87
12.0;11.15
12.0;9.21
12.0;7.46
12.0;6.07
12.0;5.01
12.0;4.03
12.0;3.62
12.0;3.73
12.0;5.17
12.0;8.63
12.0;11.87
12.0;12.15
12.0;9.95
12.0;8.33
12.0;7.1
12.0;6.46
12.0;5.2
12.0;4.05
12.0;3.77
12.0;4.03
12.0;5.55
12.0;8.14
12.0;10.4
12.0;11.5
12.0;10.44
12.0;9.15
12.0;7.97
12.0;7.03
12.0;5.46
12.0;4.47
12.0;3.93
12.0;4.22
12.0;6.78
12.0;8.73
12.0;11.53
12.0;11.41
12.0;10.12
12.0;9.43
12.0;8.36
12.0;6.83
12.0;5.44
12.0;4.4
12.0;3.83
12.0;3.85
12.0;4.92
12.0;7.75
12.0;11.07
12.0;10.71
12.0;9.5
12.0;9.09
12.0;8.04
12.0;6.48
12.0;5.03
12.0;3.64
12.0;2.92
12.0;3.09
12.0;5.2
12.0;7.26
12.0;11.44
12.0;12.1
12.0;10.7
12.0;8.98
12.0;7.96
12.0;6.62
12.0;5.19
12.0;3.7
12.0;3.11
12.0;3.6
12.0;4.9
12.0;7.57
12.0;10.39
12.0;9.93
12.0;9.52
12.0;7.65
12.0;6.3
12.0;5.32
12.0;4.55
12.0;3.76
12.0;3.51
12.0;3.63
12.0;5.07
12.0;8.48
12.0;11.07
12.0;12.04
12.0;10.56
12.0;9.0
12.0;7.56
12.0;6.45
12.0;5.13
12.0;3.89
12.0;3.52
12.0;3.79
12.0;4.55
12.0;8.03
12.0;10.24
12.0;10.65
12.0;9.11
12.0;8.12
12.0;6.79
12.0;5.55
12.0;4.61
12.0;3.89
12.0;3.84
12.0;3.84
12.0;4.81
12.0;8.29
12.0;11.62
12.0;11.29
12.0;9.56
12.0;8.46
12.0;7.46
12.0;6.16
12.0;5.03
12.0;4.58
12.0;3.78
12.0;3.83
12.0;5.06
12.0;7.74
12.0;10.19
12.0;11.3
12.0;9.78
12.0;7.98
12.0;6.54
12.0;5.24
12.0;4.32
12.0;3.57
12.0;3.39
12.0;3.36
12.0;4.56
12.0;8.31
12.0;11.57
12.0;13.44
13.0;4.45
13.0;3.72
13.0;3.78
13.0;3.89
13.0;5.09
13.0;7.5
13.0;9.66
13.0;10.29
13.0;9.4
13.0;8.15
13.0;6.8
13.0;5.5
13.0;4.6
13.0;3.69
13.0;3.06
13.0;3.17
13.0;5.66
13.0;10.34
13.0;12.21
13.0;13.16
13.0;11.04
13.0;8.99
13.0;7.11
13.0;5.75
13.0;4.73
13.0;3.92
13.0;3.62
13.0;3.67
13.0;5.15
13.0;8.65
13.0;11.28
13.0;12.11
13.0;9.78
13.0;7.91
13.0;6.53
13.0;5.9
13.0;4.85
13.0;3.85
13.0;3.7
13.0;3.94
13.0;5.61
13.0;8.02
13.0;10.35
13.0;11.54
13.0;10.08
13.0;8.61
13.0;7.47
13.0;6.48
13.0;5.13
13.0;4.35
13.0;3.85
13.0;4.02
13.0;6.64
13.0;8.83
13.0;12.4
13.0;12.08
13.0;10.0
13.0;8.89
13.0;7.76
13.0;6.71
13.0;5.33
13.0;4.42
13.0;3.8
13.0;3.71
13.0;4.61
13.0;7.2
13.0;10.82
13.0;10.82
13.0;8.88
13.0;8.11
13.0;7.34
13.0;6.12
13.0;4.89
13.0;3.6
13.0;2.97
13.0;2.93
13.0;5.13
13.0;7.3
13.0;11.13
13.0;11.58
13.0;10.35
13.0;8.59
13.0;7.48
13.0;6.22
13.0;4.84
13.0;3.64
13.0;2.96
13.0;3.51
13.0;4.76
13.0;7.15
13.0;9.67
13.0;9.91
13.0;9.34
13.0;7.18
13.0;5.65
13.0;4.78
13.0;4.17
13.0;3.42
13.0;3.2
13.0;3.48
13.0;5.01
13.0;8.09
13.0;10.71
13.0;11.7
13.0;10.48
13.0;8.82
13.0;7.21
13.0;6.03
13.0;4.84
13.0;3.69
13.0;3.22
13.0;3.63
13.0;4.45
13.0;7.79
13.0;9.93
13.0;10.26
13.0;8.85
13.0;7.85
13.0;6.31
13.0;5.08
13.0;4.28
13.0;3.76
13.0;3.63
13.0;3.65
13.0;4.47
13.0;7.55
13.0;10.87
13.0;11.02
13.0;9.41
13.0;8.14
13.0;7.05
13.0;5.76
13.0;4.84
13.0;4.46
13.0;3.63
13.0;3.62
13.0;5.14
13.0;7.3
13.0;9.78
13.0;11.09
13.0;9.61
13.0;7.67
13.0;6.14
13.0;4.74
13.0;3.99
13.0;3.41
13.0;3.1
13.0;2.88
13.0;4.06
13.0;6.9
13.0;10.46
13.0;12.5
